,0,1,2,3
0,"Feb 11, 2022, 5:00:00",MANAUSDT,0.01,0.03
1,"Feb 11, 2022, 5:00:00",SANDUSDT,0.01,0.03
2,"Feb 11, 2022, 5:00:00",FTMUSDT,0.01,0.03
3,"Feb 11, 2022, 5:00:00",SHIBUSDT,0.01,0.03
4,"Feb 11, 2022, 5:00:00",LTCUSDT,0.01,0.03
5,"Feb 11, 2022, 5:00:00",BCHUSDT,0.01,0.03
6,"Feb 11, 2022, 5:00:00",XRPUSDT,0.01,0.03
7,"Feb 11, 2022, 5:00:00",ETHUSDT,0.01,0.03
8,"Feb 11, 2022, 5:00:00",XBTUSDT,0.01,0.03
9,"Feb 11, 2022, 5:00:00",SOLUSD,0.01,0.03
10,"Feb 11, 2022, 5:00:00",LINKUSD,0.01,0.03
11,"Feb 11, 2022, 5:00:00",EOSUSD,0.01,0.03
12,"Feb 11, 2022, 5:00:00",AXSUSD,-0.0114,-0.0342
13,"Feb 11, 2022, 5:00:00",DOTUSD,0.01,0.03
14,"Feb 11, 2022, 5:00:00",BNBUSD,0.01,0.03
15,"Feb 11, 2022, 5:00:00",DOGEUSD,0.01,0.03
16,"Feb 11, 2022, 5:00:00",ADAUSD,0.01,0.03
17,"Feb 11, 2022, 5:00:00",AVAXUSD,0.01,0.03
18,"Feb 11, 2022, 5:00:00",LUNAUSD,0.01,0.03
19,"Feb 11, 2022, 5:00:00",MATICUSDT,0.01,0.03
20,"Feb 11, 2022, 5:00:00",XBTEUR,-0.0003,-0.0009
21,"Feb 11, 2022, 5:00:00",SOLUSDT,0.01,0.03
22,"Feb 11, 2022, 5:00:00",BNBUSDT,0.01,0.03
23,"Feb 11, 2022, 5:00:00",ADAUSDT,0.01,0.03
24,"Feb 11, 2022, 5:00:00",DOTUSDT,0.01,0.03
25,"Feb 11, 2022, 5:00:00",DOGEUSDT,0.01,0.03
26,"Feb 11, 2022, 5:00:00",LTCUSD,0.01,0.03
27,"Feb 11, 2022, 5:00:00",BCHUSD,0.01,0.03
28,"Feb 11, 2022, 5:00:00",XRPUSD,0.0197,0.0591
29,"Feb 11, 2022, 5:00:00",ETHUSD,0.0108,0.0324
30,"Feb 11, 2022, 5:00:00",XBTUSD,0.0075,0.0225
31,"Feb 10, 2022, 9:00:00",MANAUSDT,0.01,0.03
32,"Feb 10, 2022, 9:00:00",SANDUSDT,0.01,0.03
33,"Feb 10, 2022, 9:00:00",FTMUSDT,0.01,0.03
34,"Feb 10, 2022, 9:00:00",SHIBUSDT,0.01,0.03
35,"Feb 10, 2022, 9:00:00",LTCUSDT,0.01,0.03
36,"Feb 10, 2022, 9:00:00",BCHUSDT,0.01,0.03
37,"Feb 10, 2022, 9:00:00",XRPUSDT,0.01,0.03
38,"Feb 10, 2022, 9:00:00",ETHUSDT,0.01,0.03
39,"Feb 10, 2022, 9:00:00",XBTUSDT,0.01,0.03
40,"Feb 10, 2022, 9:00:00",SOLUSD,0.01,0.03
41,"Feb 10, 2022, 9:00:00",LINKUSD,0.0218,0.0654
42,"Feb 10, 2022, 9:00:00",EOSUSD,0.01,0.03
43,"Feb 10, 2022, 9:00:00",AXSUSD,-0.0123,-0.0369
44,"Feb 10, 2022, 9:00:00",DOTUSD,0.01,0.03
45,"Feb 10, 2022, 9:00:00",BNBUSD,0.01,0.03
46,"Feb 10, 2022, 9:00:00",DOGEUSD,0.0208,0.0624
47,"Feb 10, 2022, 9:00:00",ADAUSD,0.0186,0.0558
48,"Feb 10, 2022, 9:00:00",AVAXUSD,0.01,0.03
49,"Feb 10, 2022, 9:00:00",LUNAUSD,0.01,0.03
50,"Feb 10, 2022, 9:00:00",MATICUSDT,0.01,0.03
51,"Feb 10, 2022, 9:00:00",XBTEUR,0.01,0.03
52,"Feb 10, 2022, 9:00:00",SOLUSDT,0.01,0.03
53,"Feb 10, 2022, 9:00:00",BNBUSDT,0.01,0.03
54,"Feb 10, 2022, 9:00:00",ADAUSDT,0.01,0.03
55,"Feb 10, 2022, 9:00:00",DOTUSDT,0.01,0.03
56,"Feb 10, 2022, 9:00:00",DOGEUSDT,0.01,0.03
57,"Feb 10, 2022, 9:00:00",LTCUSD,0.01,0.03
58,"Feb 10, 2022, 9:00:00",BCHUSD,0.01,0.03
59,"Feb 10, 2022, 9:00:00",XRPUSD,0.01,0.03
60,"Feb 10, 2022, 9:00:00",ETHUSD,0.01,0.03
61,"Feb 10, 2022, 9:00:00",XBTUSD,0.01,0.03
62,"Feb 10, 2022, 1:00:00",MANAUSDT,0.01,0.03
63,"Feb 10, 2022, 1:00:00",SANDUSDT,0.01,0.03
64,"Feb 10, 2022, 1:00:00",FTMUSDT,0.01,0.03
65,"Feb 10, 2022, 1:00:00",SHIBUSDT,0.01,0.03
66,"Feb 10, 2022, 1:00:00",LTCUSDT,0.01,0.03
67,"Feb 10, 2022, 1:00:00",BCHUSDT,0.01,0.03
68,"Feb 10, 2022, 1:00:00",XRPUSDT,0.01,0.03
69,"Feb 10, 2022, 1:00:00",ETHUSDT,0.01,0.03
70,"Feb 10, 2022, 1:00:00",XBTUSDT,0.01,0.03
71,"Feb 10, 2022, 1:00:00",SOLUSD,0.01,0.03
72,"Feb 10, 2022, 1:00:00",LINKUSD,0.0371,0.1113
73,"Feb 10, 2022, 1:00:00",EOSUSD,0.01,0.03
74,"Feb 10, 2022, 1:00:00",AXSUSD,0.01,0.03
75,"Feb 10, 2022, 1:00:00",DOTUSD,0.01,0.03
76,"Feb 10, 2022, 1:00:00",BNBUSD,0.01,0.03
77,"Feb 10, 2022, 1:00:00",DOGEUSD,0.0282,0.0846
78,"Feb 10, 2022, 1:00:00",ADAUSD,0.0135,0.0405
79,"Feb 10, 2022, 1:00:00",AVAXUSD,0.01,0.03
80,"Feb 10, 2022, 1:00:00",LUNAUSD,0.01,0.03
81,"Feb 10, 2022, 1:00:00",MATICUSDT,0.01,0.03
82,"Feb 10, 2022, 1:00:00",XBTEUR,0.0025,0.0075
83,"Feb 10, 2022, 1:00:00",SOLUSDT,0.01,0.03
84,"Feb 10, 2022, 1:00:00",BNBUSDT,0.01,0.03
85,"Feb 10, 2022, 1:00:00",ADAUSDT,0.01,0.03
86,"Feb 10, 2022, 1:00:00",DOTUSDT,0.01,0.03
87,"Feb 10, 2022, 1:00:00",DOGEUSDT,0.01,0.03
88,"Feb 10, 2022, 1:00:00",LTCUSD,0.01,0.03
89,"Feb 10, 2022, 1:00:00",BCHUSD,0.01,0.03
90,"Feb 10, 2022, 1:00:00",XRPUSD,0.01,0.03
91,"Feb 10, 2022, 1:00:00",ETHUSD,0.01,0.03
92,"Feb 10, 2022, 1:00:00",XBTUSD,0.01,0.03
93,"Feb 10, 2022, 5:00:00",MANAUSDT,0.01,0.03
94,"Feb 10, 2022, 5:00:00",SANDUSDT,0.01,0.03
95,"Feb 10, 2022, 5:00:00",FTMUSDT,0.01,0.03
96,"Feb 10, 2022, 5:00:00",SHIBUSDT,0.01,0.03
97,"Feb 10, 2022, 5:00:00",LTCUSDT,0.01,0.03
98,"Feb 10, 2022, 5:00:00",BCHUSDT,0.01,0.03
99,"Feb 10, 2022, 5:00:00",XRPUSDT,0.01,0.03
100,"Feb 10, 2022, 5:00:00",ETHUSDT,0.01,0.03
101,"Feb 10, 2022, 5:00:00",XBTUSDT,0.0044,0.0132
102,"Feb 10, 2022, 5:00:00",SOLUSD,0.01,0.03
103,"Feb 10, 2022, 5:00:00",LINKUSD,0.01,0.03
104,"Feb 10, 2022, 5:00:00",EOSUSD,0.01,0.03
105,"Feb 10, 2022, 5:00:00",AXSUSD,0.01,0.03
106,"Feb 10, 2022, 5:00:00",DOTUSD,0.01,0.03
107,"Feb 10, 2022, 5:00:00",BNBUSD,0.01,0.03
108,"Feb 10, 2022, 5:00:00",DOGEUSD,0.0347,0.1041
109,"Feb 10, 2022, 5:00:00",ADAUSD,0.01,0.03
110,"Feb 10, 2022, 5:00:00",AVAXUSD,0.01,0.03
111,"Feb 10, 2022, 5:00:00",LUNAUSD,0.01,0.03
112,"Feb 10, 2022, 5:00:00",MATICUSDT,0.01,0.03
113,"Feb 10, 2022, 5:00:00",XBTEUR,0.0046,0.0138
114,"Feb 10, 2022, 5:00:00",SOLUSDT,0.01,0.03
115,"Feb 10, 2022, 5:00:00",BNBUSDT,-0.002,-0.006
116,"Feb 10, 2022, 5:00:00",ADAUSDT,0.01,0.03
117,"Feb 10, 2022, 5:00:00",DOTUSDT,0.01,0.03
118,"Feb 10, 2022, 5:00:00",DOGEUSDT,0.01,0.03
119,"Feb 10, 2022, 5:00:00",LTCUSD,0.01,0.03
120,"Feb 10, 2022, 5:00:00",BCHUSD,0.01,0.03
121,"Feb 10, 2022, 5:00:00",XRPUSD,0.0135,0.0405
122,"Feb 10, 2022, 5:00:00",ETHUSD,0.01,0.03
123,"Feb 10, 2022, 5:00:00",XBTUSD,-0.0049,-0.0147
124,"Feb 9, 2022, 9:00:00",MANAUSDT,0.01,0.03
125,"Feb 9, 2022, 9:00:00",SANDUSDT,0.01,0.03
126,"Feb 9, 2022, 9:00:00",FTMUSDT,0.01,0.03
127,"Feb 9, 2022, 9:00:00",SHIBUSDT,0.01,0.03
128,"Feb 9, 2022, 9:00:00",LTCUSDT,0.01,0.03
129,"Feb 9, 2022, 9:00:00",BCHUSDT,0.01,0.03
130,"Feb 9, 2022, 9:00:00",XRPUSDT,0.01,0.03
131,"Feb 9, 2022, 9:00:00",ETHUSDT,0.01,0.03
132,"Feb 9, 2022, 9:00:00",XBTUSDT,0.01,0.03
133,"Feb 9, 2022, 9:00:00",SOLUSD,0.01,0.03
134,"Feb 9, 2022, 9:00:00",LINKUSD,0.0202,0.0606
135,"Feb 9, 2022, 9:00:00",EOSUSD,0.01,0.03
136,"Feb 9, 2022, 9:00:00",AXSUSD,0.0029,0.0087
137,"Feb 9, 2022, 9:00:00",DOTUSD,0.01,0.03
138,"Feb 9, 2022, 9:00:00",BNBUSD,0.01,0.03
139,"Feb 9, 2022, 9:00:00",DOGEUSD,0.012,0.036
140,"Feb 9, 2022, 9:00:00",ADAUSD,0.01,0.03
141,"Feb 9, 2022, 9:00:00",AVAXUSD,0.01,0.03
142,"Feb 9, 2022, 9:00:00",LUNAUSD,0.01,0.03
143,"Feb 9, 2022, 9:00:00",MATICUSDT,0.01,0.03
144,"Feb 9, 2022, 9:00:00",XBTEUR,0,0
145,"Feb 9, 2022, 9:00:00",SOLUSDT,0.01,0.03
146,"Feb 9, 2022, 9:00:00",BNBUSDT,0.01,0.03
147,"Feb 9, 2022, 9:00:00",ADAUSDT,0.01,0.03
148,"Feb 9, 2022, 9:00:00",DOTUSDT,0.01,0.03
149,"Feb 9, 2022, 9:00:00",DOGEUSDT,0.01,0.03
150,"Feb 9, 2022, 9:00:00",LTCUSD,0.01,0.03
151,"Feb 9, 2022, 9:00:00",BCHUSD,0.01,0.03
152,"Feb 9, 2022, 9:00:00",XRPUSD,0.024,0.072
153,"Feb 9, 2022, 9:00:00",ETHUSD,0.0161,0.0483
154,"Feb 9, 2022, 9:00:00",XBTUSD,-0.0094,-0.0282
155,"Feb 9, 2022, 1:00:00",MANAUSDT,0.01,0.03
156,"Feb 9, 2022, 1:00:00",SANDUSDT,0.01,0.03
157,"Feb 9, 2022, 1:00:00",FTMUSDT,0.01,0.03
158,"Feb 9, 2022, 1:00:00",SHIBUSDT,0.01,0.03
159,"Feb 9, 2022, 1:00:00",LTCUSDT,0.01,0.03
160,"Feb 9, 2022, 1:00:00",BCHUSDT,0.01,0.03
161,"Feb 9, 2022, 1:00:00",XRPUSDT,0.01,0.03
162,"Feb 9, 2022, 1:00:00",ETHUSDT,0.01,0.03
163,"Feb 9, 2022, 1:00:00",XBTUSDT,0.01,0.03
164,"Feb 9, 2022, 1:00:00",SOLUSD,0.0268,0.0804
165,"Feb 9, 2022, 1:00:00",LINKUSD,0.0348,0.1044
166,"Feb 9, 2022, 1:00:00",EOSUSD,0.01,0.03
167,"Feb 9, 2022, 1:00:00",AXSUSD,-0.013,-0.039
168,"Feb 9, 2022, 1:00:00",DOTUSD,0.01,0.03
169,"Feb 9, 2022, 1:00:00",BNBUSD,0.01,0.03
170,"Feb 9, 2022, 1:00:00",DOGEUSD,0.0252,0.0756
171,"Feb 9, 2022, 1:00:00",ADAUSD,0.0322,0.0966
172,"Feb 9, 2022, 1:00:00",AVAXUSD,0.01,0.03
173,"Feb 9, 2022, 1:00:00",LUNAUSD,0.01,0.03
174,"Feb 9, 2022, 1:00:00",MATICUSDT,0.01,0.03
175,"Feb 9, 2022, 1:00:00",XBTEUR,0.0016,0.0048
176,"Feb 9, 2022, 1:00:00",SOLUSDT,0.01,0.03
177,"Feb 9, 2022, 1:00:00",BNBUSDT,0.01,0.03
178,"Feb 9, 2022, 1:00:00",ADAUSDT,0.01,0.03
179,"Feb 9, 2022, 1:00:00",DOTUSDT,0.01,0.03
180,"Feb 9, 2022, 1:00:00",DOGEUSDT,0.01,0.03
181,"Feb 9, 2022, 1:00:00",LTCUSD,0.01,0.03
182,"Feb 9, 2022, 1:00:00",BCHUSD,0.01,0.03
183,"Feb 9, 2022, 1:00:00",XRPUSD,0.0196,0.0588
184,"Feb 9, 2022, 1:00:00",ETHUSD,0.033,0.099
185,"Feb 9, 2022, 1:00:00",XBTUSD,0.0079,0.0237
186,"Feb 9, 2022, 5:00:00",MANAUSDT,0.01,0.03
187,"Feb 9, 2022, 5:00:00",SANDUSDT,0.01,0.03
188,"Feb 9, 2022, 5:00:00",FTMUSDT,0.01,0.03
189,"Feb 9, 2022, 5:00:00",SHIBUSDT,0.01,0.03
190,"Feb 9, 2022, 5:00:00",LTCUSDT,0.01,0.03
191,"Feb 9, 2022, 5:00:00",BCHUSDT,0.01,0.03
192,"Feb 9, 2022, 5:00:00",XRPUSDT,0.01,0.03
193,"Feb 9, 2022, 5:00:00",ETHUSDT,0.01,0.03
194,"Feb 9, 2022, 5:00:00",XBTUSDT,0.01,0.03
195,"Feb 9, 2022, 5:00:00",SOLUSD,0.01,0.03
196,"Feb 9, 2022, 5:00:00",LINKUSD,0.0148,0.0444
197,"Feb 9, 2022, 5:00:00",EOSUSD,0.01,0.03
198,"Feb 9, 2022, 5:00:00",AXSUSD,-0.0059,-0.0177
199,"Feb 9, 2022, 5:00:00",DOTUSD,0.01,0.03
200,"Feb 9, 2022, 5:00:00",BNBUSD,0.01,0.03
201,"Feb 9, 2022, 5:00:00",DOGEUSD,0.0195,0.0585
202,"Feb 9, 2022, 5:00:00",ADAUSD,0.01,0.03
203,"Feb 9, 2022, 5:00:00",AVAXUSD,0.01,0.03
204,"Feb 9, 2022, 5:00:00",LUNAUSD,0.01,0.03
205,"Feb 9, 2022, 5:00:00",MATICUSDT,0.01,0.03
206,"Feb 9, 2022, 5:00:00",XBTEUR,0.01,0.03
207,"Feb 9, 2022, 5:00:00",SOLUSDT,0.01,0.03
208,"Feb 9, 2022, 5:00:00",BNBUSDT,0.01,0.03
209,"Feb 9, 2022, 5:00:00",ADAUSDT,0.01,0.03
210,"Feb 9, 2022, 5:00:00",DOTUSDT,0.01,0.03
211,"Feb 9, 2022, 5:00:00",DOGEUSDT,0.01,0.03
212,"Feb 9, 2022, 5:00:00",LTCUSD,0.01,0.03
213,"Feb 9, 2022, 5:00:00",BCHUSD,0.01,0.03
214,"Feb 9, 2022, 5:00:00",XRPUSD,0.0152,0.0456
215,"Feb 9, 2022, 5:00:00",ETHUSD,0.01,0.03
216,"Feb 9, 2022, 5:00:00",XBTUSD,-0.0045,-0.0135
217,"Feb 8, 2022, 9:00:00",MANAUSDT,0.01,0.03
218,"Feb 8, 2022, 9:00:00",SANDUSDT,0.01,0.03
219,"Feb 8, 2022, 9:00:00",FTMUSDT,0.01,0.03
220,"Feb 8, 2022, 9:00:00",SHIBUSDT,0.01,0.03
221,"Feb 8, 2022, 9:00:00",LTCUSDT,0.01,0.03
222,"Feb 8, 2022, 9:00:00",BCHUSDT,0.01,0.03
223,"Feb 8, 2022, 9:00:00",XRPUSDT,0.01,0.03
224,"Feb 8, 2022, 9:00:00",ETHUSDT,0.01,0.03
225,"Feb 8, 2022, 9:00:00",XBTUSDT,0.01,0.03
226,"Feb 8, 2022, 9:00:00",SOLUSD,0.019,0.057
227,"Feb 8, 2022, 9:00:00",LINKUSD,0.0123,0.0369
228,"Feb 8, 2022, 9:00:00",EOSUSD,0.01,0.03
229,"Feb 8, 2022, 9:00:00",AXSUSD,-0.0141,-0.0423
230,"Feb 8, 2022, 9:00:00",DOTUSD,0.01,0.03
231,"Feb 8, 2022, 9:00:00",BNBUSD,0.01,0.03
232,"Feb 8, 2022, 9:00:00",DOGEUSD,0.0322,0.0966
233,"Feb 8, 2022, 9:00:00",ADAUSD,0.01,0.03
234,"Feb 8, 2022, 9:00:00",AVAXUSD,0.01,0.03
235,"Feb 8, 2022, 9:00:00",LUNAUSD,0.01,0.03
236,"Feb 8, 2022, 9:00:00",MATICUSDT,0.01,0.03
237,"Feb 8, 2022, 9:00:00",XBTEUR,0.01,0.03
238,"Feb 8, 2022, 9:00:00",SOLUSDT,0.01,0.03
239,"Feb 8, 2022, 9:00:00",BNBUSDT,0.01,0.03
240,"Feb 8, 2022, 9:00:00",ADAUSDT,0.01,0.03
241,"Feb 8, 2022, 9:00:00",DOTUSDT,0.01,0.03
242,"Feb 8, 2022, 9:00:00",DOGEUSDT,0.01,0.03
243,"Feb 8, 2022, 9:00:00",LTCUSD,0.01,0.03
244,"Feb 8, 2022, 9:00:00",BCHUSD,0.01,0.03
245,"Feb 8, 2022, 9:00:00",XRPUSD,0.0292,0.0876
246,"Feb 8, 2022, 9:00:00",ETHUSD,0.0356,0.1068
247,"Feb 8, 2022, 9:00:00",XBTUSD,0.01,0.03
248,"Feb 8, 2022, 1:00:00",MANAUSDT,0.01,0.03
249,"Feb 8, 2022, 1:00:00",SANDUSDT,0.01,0.03
250,"Feb 8, 2022, 1:00:00",FTMUSDT,0.01,0.03
251,"Feb 8, 2022, 1:00:00",SHIBUSDT,0.01,0.03
252,"Feb 8, 2022, 1:00:00",LTCUSDT,0.01,0.03
253,"Feb 8, 2022, 1:00:00",BCHUSDT,0.01,0.03
254,"Feb 8, 2022, 1:00:00",XRPUSDT,0.01,0.03
255,"Feb 8, 2022, 1:00:00",ETHUSDT,0.01,0.03
256,"Feb 8, 2022, 1:00:00",XBTUSDT,0.01,0.03
257,"Feb 8, 2022, 1:00:00",SOLUSD,0.0217,0.0651
258,"Feb 8, 2022, 1:00:00",LINKUSD,0.029,0.087
259,"Feb 8, 2022, 1:00:00",EOSUSD,0.01,0.03
260,"Feb 8, 2022, 1:00:00",AXSUSD,-0.0153,-0.0459
261,"Feb 8, 2022, 1:00:00",DOTUSD,0.01,0.03
262,"Feb 8, 2022, 1:00:00",BNBUSD,0.01,0.03
263,"Feb 8, 2022, 1:00:00",DOGEUSD,0.0408,0.1224
264,"Feb 8, 2022, 1:00:00",ADAUSD,0.0104,0.0312
265,"Feb 8, 2022, 1:00:00",AVAXUSD,0.01,0.03
266,"Feb 8, 2022, 1:00:00",LUNAUSD,0.01,0.03
267,"Feb 8, 2022, 1:00:00",MATICUSDT,0.01,0.03
268,"Feb 8, 2022, 1:00:00",XBTEUR,0.01,0.03
269,"Feb 8, 2022, 1:00:00",SOLUSDT,0.01,0.03
270,"Feb 8, 2022, 1:00:00",BNBUSDT,0.01,0.03
271,"Feb 8, 2022, 1:00:00",ADAUSDT,0.01,0.03
272,"Feb 8, 2022, 1:00:00",DOTUSDT,0.01,0.03
273,"Feb 8, 2022, 1:00:00",DOGEUSDT,0.01,0.03
274,"Feb 8, 2022, 1:00:00",LTCUSD,0.01,0.03
275,"Feb 8, 2022, 1:00:00",BCHUSD,0.01,0.03
276,"Feb 8, 2022, 1:00:00",XRPUSD,0.01,0.03
277,"Feb 8, 2022, 1:00:00",ETHUSD,0.0284,0.0852
278,"Feb 8, 2022, 1:00:00",XBTUSD,-0.0007,-0.0021
279,"Feb 8, 2022, 5:00:00",MANAUSDT,0.01,0.03
280,"Feb 8, 2022, 5:00:00",SANDUSDT,0.01,0.03
281,"Feb 8, 2022, 5:00:00",FTMUSDT,0.01,0.03
282,"Feb 8, 2022, 5:00:00",SHIBUSDT,0.01,0.03
283,"Feb 8, 2022, 5:00:00",LTCUSDT,0.01,0.03
284,"Feb 8, 2022, 5:00:00",BCHUSDT,0.01,0.03
285,"Feb 8, 2022, 5:00:00",XRPUSDT,0.01,0.03
286,"Feb 8, 2022, 5:00:00",ETHUSDT,0.01,0.03
287,"Feb 8, 2022, 5:00:00",XBTUSDT,0.0094,0.0282
288,"Feb 8, 2022, 5:00:00",SOLUSD,0.0242,0.0726
289,"Feb 8, 2022, 5:00:00",LINKUSD,0.0236,0.0708
290,"Feb 8, 2022, 5:00:00",EOSUSD,0.01,0.03
291,"Feb 8, 2022, 5:00:00",AXSUSD,0.01,0.03
292,"Feb 8, 2022, 5:00:00",DOTUSD,0.01,0.03
293,"Feb 8, 2022, 5:00:00",BNBUSD,0.01,0.03
294,"Feb 8, 2022, 5:00:00",DOGEUSD,0.0372,0.1116
295,"Feb 8, 2022, 5:00:00",ADAUSD,0.01,0.03
296,"Feb 8, 2022, 5:00:00",AVAXUSD,0.01,0.03
297,"Feb 8, 2022, 5:00:00",LUNAUSD,0.01,0.03
298,"Feb 8, 2022, 5:00:00",MATICUSDT,0.01,0.03
299,"Feb 8, 2022, 5:00:00",XBTEUR,0.01,0.03
300,"Feb 8, 2022, 5:00:00",SOLUSDT,0.01,0.03
301,"Feb 8, 2022, 5:00:00",BNBUSDT,0.01,0.03
302,"Feb 8, 2022, 5:00:00",ADAUSDT,0.01,0.03
303,"Feb 8, 2022, 5:00:00",DOTUSDT,0.01,0.03
304,"Feb 8, 2022, 5:00:00",DOGEUSDT,0.01,0.03
305,"Feb 8, 2022, 5:00:00",LTCUSD,0.01,0.03
306,"Feb 8, 2022, 5:00:00",BCHUSD,0.01,0.03
307,"Feb 8, 2022, 5:00:00",XRPUSD,0.01,0.03
308,"Feb 8, 2022, 5:00:00",ETHUSD,0.01,0.03
309,"Feb 8, 2022, 5:00:00",XBTUSD,-0.0083,-0.0249
310,"Feb 7, 2022, 9:00:00",MANAUSDT,0.01,0.03
311,"Feb 7, 2022, 9:00:00",SANDUSDT,0.01,0.03
312,"Feb 7, 2022, 9:00:00",FTMUSDT,0.01,0.03
313,"Feb 7, 2022, 9:00:00",SHIBUSDT,0.01,0.03
314,"Feb 7, 2022, 9:00:00",LTCUSDT,0.01,0.03
315,"Feb 7, 2022, 9:00:00",BCHUSDT,0.01,0.03
316,"Feb 7, 2022, 9:00:00",XRPUSDT,0.01,0.03
317,"Feb 7, 2022, 9:00:00",ETHUSDT,0.01,0.03
318,"Feb 7, 2022, 9:00:00",XBTUSDT,0.01,0.03
319,"Feb 7, 2022, 9:00:00",SOLUSD,0.0363,0.1089
320,"Feb 7, 2022, 9:00:00",LINKUSD,0.01,0.03
321,"Feb 7, 2022, 9:00:00",EOSUSD,0.01,0.03
322,"Feb 7, 2022, 9:00:00",AXSUSD,0.003,0.009
323,"Feb 7, 2022, 9:00:00",DOTUSD,0.01,0.03
324,"Feb 7, 2022, 9:00:00",BNBUSD,0.01,0.03
325,"Feb 7, 2022, 9:00:00",DOGEUSD,0.0297,0.0891
326,"Feb 7, 2022, 9:00:00",ADAUSD,0.01,0.03
327,"Feb 7, 2022, 9:00:00",AVAXUSD,0.01,0.03
328,"Feb 7, 2022, 9:00:00",LUNAUSD,0.01,0.03
329,"Feb 7, 2022, 9:00:00",MATICUSDT,0.01,0.03
330,"Feb 7, 2022, 9:00:00",XBTEUR,0.01,0.03
331,"Feb 7, 2022, 9:00:00",SOLUSDT,0.01,0.03
332,"Feb 7, 2022, 9:00:00",BNBUSDT,0.01,0.03
333,"Feb 7, 2022, 9:00:00",ADAUSDT,0.01,0.03
334,"Feb 7, 2022, 9:00:00",DOTUSDT,0.01,0.03
335,"Feb 7, 2022, 9:00:00",DOGEUSDT,0.01,0.03
336,"Feb 7, 2022, 9:00:00",LTCUSD,0.01,0.03
337,"Feb 7, 2022, 9:00:00",BCHUSD,0.01,0.03
338,"Feb 7, 2022, 9:00:00",XRPUSD,0.01,0.03
339,"Feb 7, 2022, 9:00:00",ETHUSD,0.01,0.03
340,"Feb 7, 2022, 9:00:00",XBTUSD,-0.0097,-0.0291
341,"Feb 7, 2022, 1:00:00",MANAUSDT,0.01,0.03
342,"Feb 7, 2022, 1:00:00",SANDUSDT,0.01,0.03
343,"Feb 7, 2022, 1:00:00",FTMUSDT,0.01,0.03
344,"Feb 7, 2022, 1:00:00",SHIBUSDT,0.01,0.03
345,"Feb 7, 2022, 1:00:00",LTCUSDT,0.01,0.03
346,"Feb 7, 2022, 1:00:00",BCHUSDT,0.01,0.03
347,"Feb 7, 2022, 1:00:00",XRPUSDT,0.01,0.03
348,"Feb 7, 2022, 1:00:00",ETHUSDT,0.01,0.03
349,"Feb 7, 2022, 1:00:00",XBTUSDT,-0.0132,-0.0396
350,"Feb 7, 2022, 1:00:00",SOLUSD,0.0378,0.1134
351,"Feb 7, 2022, 1:00:00",LINKUSD,0.01,0.03
352,"Feb 7, 2022, 1:00:00",EOSUSD,0.01,0.03
353,"Feb 7, 2022, 1:00:00",AXSUSD,-0.0398,-0.1194
354,"Feb 7, 2022, 1:00:00",DOTUSD,0.01,0.03
355,"Feb 7, 2022, 1:00:00",BNBUSD,0.01,0.03
356,"Feb 7, 2022, 1:00:00",DOGEUSD,0.0293,0.0879
357,"Feb 7, 2022, 1:00:00",ADAUSD,0.01,0.03
358,"Feb 7, 2022, 1:00:00",AVAXUSD,0.01,0.03
359,"Feb 7, 2022, 1:00:00",LUNAUSD,0.01,0.03
360,"Feb 7, 2022, 1:00:00",MATICUSDT,0.01,0.03
361,"Feb 7, 2022, 1:00:00",XBTEUR,-0.0046,-0.0138
362,"Feb 7, 2022, 1:00:00",SOLUSDT,0.01,0.03
363,"Feb 7, 2022, 1:00:00",BNBUSDT,0.01,0.03
364,"Feb 7, 2022, 1:00:00",ADAUSDT,0.01,0.03
365,"Feb 7, 2022, 1:00:00",DOTUSDT,0.01,0.03
366,"Feb 7, 2022, 1:00:00",DOGEUSDT,0.01,0.03
367,"Feb 7, 2022, 1:00:00",LTCUSD,0.01,0.03
368,"Feb 7, 2022, 1:00:00",BCHUSD,0.01,0.03
369,"Feb 7, 2022, 1:00:00",XRPUSD,0.01,0.03
370,"Feb 7, 2022, 1:00:00",ETHUSD,0.01,0.03
371,"Feb 7, 2022, 1:00:00",XBTUSD,-0.0116,-0.0348
372,"Feb 7, 2022, 5:00:00",MANAUSDT,0.01,0.03
373,"Feb 7, 2022, 5:00:00",SANDUSDT,0.01,0.03
374,"Feb 7, 2022, 5:00:00",FTMUSDT,0.01,0.03
375,"Feb 7, 2022, 5:00:00",SHIBUSDT,0.01,0.03
376,"Feb 7, 2022, 5:00:00",LTCUSDT,0.01,0.03
377,"Feb 7, 2022, 5:00:00",BCHUSDT,0.01,0.03
378,"Feb 7, 2022, 5:00:00",XRPUSDT,0.01,0.03
379,"Feb 7, 2022, 5:00:00",ETHUSDT,0.01,0.03
380,"Feb 7, 2022, 5:00:00",XBTUSDT,0.01,0.03
381,"Feb 7, 2022, 5:00:00",SOLUSD,0.0465,0.1395
382,"Feb 7, 2022, 5:00:00",LINKUSD,0.0129,0.0387
383,"Feb 7, 2022, 5:00:00",EOSUSD,0.01,0.03
384,"Feb 7, 2022, 5:00:00",AXSUSD,-0.0747,-0.2241
385,"Feb 7, 2022, 5:00:00",DOTUSD,0.01,0.03
386,"Feb 7, 2022, 5:00:00",BNBUSD,0.01,0.03
387,"Feb 7, 2022, 5:00:00",DOGEUSD,0.0126,0.0378
388,"Feb 7, 2022, 5:00:00",ADAUSD,0.01,0.03
389,"Feb 7, 2022, 5:00:00",AVAXUSD,0.01,0.03
390,"Feb 7, 2022, 5:00:00",LUNAUSD,0.01,0.03
391,"Feb 7, 2022, 5:00:00",MATICUSDT,0.01,0.03
392,"Feb 7, 2022, 5:00:00",XBTEUR,0.01,0.03
393,"Feb 7, 2022, 5:00:00",SOLUSDT,0.01,0.03
394,"Feb 7, 2022, 5:00:00",BNBUSDT,0.01,0.03
395,"Feb 7, 2022, 5:00:00",ADAUSDT,0.01,0.03
396,"Feb 7, 2022, 5:00:00",DOTUSDT,0.01,0.03
397,"Feb 7, 2022, 5:00:00",DOGEUSDT,0.01,0.03
398,"Feb 7, 2022, 5:00:00",LTCUSD,0.01,0.03
399,"Feb 7, 2022, 5:00:00",BCHUSD,0.01,0.03
400,"Feb 7, 2022, 5:00:00",XRPUSD,0.01,0.03
401,"Feb 7, 2022, 5:00:00",ETHUSD,0.01,0.03
402,"Feb 7, 2022, 5:00:00",XBTUSD,-0.0164,-0.0492
403,"Feb 6, 2022, 9:00:00",MANAUSDT,0.01,0.03
404,"Feb 6, 2022, 9:00:00",SANDUSDT,0.01,0.03
405,"Feb 6, 2022, 9:00:00",FTMUSDT,0.01,0.03
406,"Feb 6, 2022, 9:00:00",SHIBUSDT,0.01,0.03
407,"Feb 6, 2022, 9:00:00",LTCUSDT,0.01,0.03
408,"Feb 6, 2022, 9:00:00",BCHUSDT,0.01,0.03
409,"Feb 6, 2022, 9:00:00",XRPUSDT,0.01,0.03
410,"Feb 6, 2022, 9:00:00",ETHUSDT,0.01,0.03
411,"Feb 6, 2022, 9:00:00",XBTUSDT,0.01,0.03
412,"Feb 6, 2022, 9:00:00",SOLUSD,0.0478,0.1434
413,"Feb 6, 2022, 9:00:00",LINKUSD,0.0328,0.0984
414,"Feb 6, 2022, 9:00:00",EOSUSD,0.01,0.03
415,"Feb 6, 2022, 9:00:00",AXSUSD,-0.045,-0.135
416,"Feb 6, 2022, 9:00:00",DOTUSD,0.01,0.03
417,"Feb 6, 2022, 9:00:00",BNBUSD,0.01,0.03
418,"Feb 6, 2022, 9:00:00",DOGEUSD,0.0229,0.0687
419,"Feb 6, 2022, 9:00:00",ADAUSD,0.01,0.03
420,"Feb 6, 2022, 9:00:00",AVAXUSD,0.01,0.03
421,"Feb 6, 2022, 9:00:00",LUNAUSD,0.01,0.03
422,"Feb 6, 2022, 9:00:00",MATICUSDT,0.01,0.03
423,"Feb 6, 2022, 9:00:00",XBTEUR,-0.0099,-0.0297
424,"Feb 6, 2022, 9:00:00",SOLUSDT,0.01,0.03
425,"Feb 6, 2022, 9:00:00",BNBUSDT,0.01,0.03
426,"Feb 6, 2022, 9:00:00",ADAUSDT,0.01,0.03
427,"Feb 6, 2022, 9:00:00",DOTUSDT,0.01,0.03
428,"Feb 6, 2022, 9:00:00",DOGEUSDT,0.01,0.03
429,"Feb 6, 2022, 9:00:00",LTCUSD,0.01,0.03
430,"Feb 6, 2022, 9:00:00",BCHUSD,0.01,0.03
431,"Feb 6, 2022, 9:00:00",XRPUSD,-0.009,-0.027
432,"Feb 6, 2022, 9:00:00",ETHUSD,0.01,0.03
433,"Feb 6, 2022, 9:00:00",XBTUSD,-0.0008,-0.0024
434,"Feb 6, 2022, 1:00:00",MANAUSDT,0.01,0.03
435,"Feb 6, 2022, 1:00:00",SANDUSDT,0.01,0.03
436,"Feb 6, 2022, 1:00:00",FTMUSDT,0.01,0.03
437,"Feb 6, 2022, 1:00:00",SHIBUSDT,0.01,0.03
438,"Feb 6, 2022, 1:00:00",LTCUSDT,0.01,0.03
439,"Feb 6, 2022, 1:00:00",BCHUSDT,0.01,0.03
440,"Feb 6, 2022, 1:00:00",XRPUSDT,0.01,0.03
441,"Feb 6, 2022, 1:00:00",ETHUSDT,0.01,0.03
442,"Feb 6, 2022, 1:00:00",XBTUSDT,0.01,0.03
443,"Feb 6, 2022, 1:00:00",SOLUSD,0.0683,0.2049
444,"Feb 6, 2022, 1:00:00",LINKUSD,0.0618,0.1854
445,"Feb 6, 2022, 1:00:00",EOSUSD,0.01,0.03
446,"Feb 6, 2022, 1:00:00",AXSUSD,-0.0226,-0.0678
447,"Feb 6, 2022, 1:00:00",DOTUSD,0.01,0.03
448,"Feb 6, 2022, 1:00:00",BNBUSD,0.01,0.03
449,"Feb 6, 2022, 1:00:00",DOGEUSD,0.0657,0.1971
450,"Feb 6, 2022, 1:00:00",ADAUSD,0.01,0.03
451,"Feb 6, 2022, 1:00:00",AVAXUSD,0.01,0.03
452,"Feb 6, 2022, 1:00:00",LUNAUSD,0.01,0.03
453,"Feb 6, 2022, 1:00:00",MATICUSDT,0.01,0.03
454,"Feb 6, 2022, 1:00:00",XBTEUR,-0.0089,-0.0267
455,"Feb 6, 2022, 1:00:00",SOLUSDT,0.01,0.03
456,"Feb 6, 2022, 1:00:00",BNBUSDT,0.01,0.03
457,"Feb 6, 2022, 1:00:00",ADAUSDT,0.01,0.03
458,"Feb 6, 2022, 1:00:00",DOTUSDT,0.01,0.03
459,"Feb 6, 2022, 1:00:00",DOGEUSDT,0.01,0.03
460,"Feb 6, 2022, 1:00:00",LTCUSD,0.01,0.03
461,"Feb 6, 2022, 1:00:00",BCHUSD,0.01,0.03
462,"Feb 6, 2022, 1:00:00",XRPUSD,0.01,0.03
463,"Feb 6, 2022, 1:00:00",ETHUSD,0.01,0.03
464,"Feb 6, 2022, 1:00:00",XBTUSD,0.0061,0.0183
465,"Feb 6, 2022, 5:00:00",MANAUSDT,0.01,0.03
466,"Feb 6, 2022, 5:00:00",SANDUSDT,0.01,0.03
467,"Feb 6, 2022, 5:00:00",FTMUSDT,0.01,0.03
468,"Feb 6, 2022, 5:00:00",SHIBUSDT,0.01,0.03
469,"Feb 6, 2022, 5:00:00",LTCUSDT,0.01,0.03
470,"Feb 6, 2022, 5:00:00",BCHUSDT,0.01,0.03
471,"Feb 6, 2022, 5:00:00",XRPUSDT,0.01,0.03
472,"Feb 6, 2022, 5:00:00",ETHUSDT,0.01,0.03
473,"Feb 6, 2022, 5:00:00",XBTUSDT,0.01,0.03
474,"Feb 6, 2022, 5:00:00",SOLUSD,0.0478,0.1434
475,"Feb 6, 2022, 5:00:00",LINKUSD,0.0451,0.1353
476,"Feb 6, 2022, 5:00:00",EOSUSD,0.01,0.03
477,"Feb 6, 2022, 5:00:00",AXSUSD,0.0088,0.0264
478,"Feb 6, 2022, 5:00:00",DOTUSD,0.01,0.03
479,"Feb 6, 2022, 5:00:00",BNBUSD,0.0117,0.0351
480,"Feb 6, 2022, 5:00:00",DOGEUSD,0.0664,0.1992
481,"Feb 6, 2022, 5:00:00",ADAUSD,0.01,0.03
482,"Feb 6, 2022, 5:00:00",AVAXUSD,0.01,0.03
483,"Feb 6, 2022, 5:00:00",LUNAUSD,0.01,0.03
484,"Feb 6, 2022, 5:00:00",MATICUSDT,0.01,0.03
485,"Feb 6, 2022, 5:00:00",XBTEUR,-0.0173,-0.0519
486,"Feb 6, 2022, 5:00:00",SOLUSDT,0.01,0.03
487,"Feb 6, 2022, 5:00:00",BNBUSDT,0.01,0.03
488,"Feb 6, 2022, 5:00:00",ADAUSDT,0.01,0.03
489,"Feb 6, 2022, 5:00:00",DOTUSDT,0.01,0.03
490,"Feb 6, 2022, 5:00:00",DOGEUSDT,0.01,0.03
491,"Feb 6, 2022, 5:00:00",LTCUSD,0.01,0.03
492,"Feb 6, 2022, 5:00:00",BCHUSD,0.01,0.03
493,"Feb 6, 2022, 5:00:00",XRPUSD,0.01,0.03
494,"Feb 6, 2022, 5:00:00",ETHUSD,0.01,0.03
495,"Feb 6, 2022, 5:00:00",XBTUSD,-0.0037,-0.0111
496,"Feb 5, 2022, 9:00:00",MANAUSDT,0.01,0.03
497,"Feb 5, 2022, 9:00:00",SANDUSDT,0.01,0.03
498,"Feb 5, 2022, 9:00:00",FTMUSDT,0.01,0.03
499,"Feb 5, 2022, 9:00:00",SHIBUSDT,0.01,0.03
500,"Feb 5, 2022, 9:00:00",LTCUSDT,0.01,0.03
501,"Feb 5, 2022, 9:00:00",BCHUSDT,0.01,0.03
502,"Feb 5, 2022, 9:00:00",XRPUSDT,0.01,0.03
503,"Feb 5, 2022, 9:00:00",ETHUSDT,0.01,0.03
504,"Feb 5, 2022, 9:00:00",XBTUSDT,0.01,0.03
505,"Feb 5, 2022, 9:00:00",SOLUSD,0.0572,0.1716
506,"Feb 5, 2022, 9:00:00",LINKUSD,0.0484,0.1452
507,"Feb 5, 2022, 9:00:00",EOSUSD,0.01,0.03
508,"Feb 5, 2022, 9:00:00",AXSUSD,0.01,0.03
509,"Feb 5, 2022, 9:00:00",DOTUSD,0.01,0.03
510,"Feb 5, 2022, 9:00:00",BNBUSD,0.0574,0.1722
511,"Feb 5, 2022, 9:00:00",DOGEUSD,0.0748,0.2244
512,"Feb 5, 2022, 9:00:00",ADAUSD,0.0143,0.0429
513,"Feb 5, 2022, 9:00:00",AVAXUSD,0.01,0.03
514,"Feb 5, 2022, 9:00:00",LUNAUSD,0.01,0.03
515,"Feb 5, 2022, 9:00:00",MATICUSDT,0.01,0.03
516,"Feb 5, 2022, 9:00:00",XBTEUR,-0.0022,-0.0066
517,"Feb 5, 2022, 9:00:00",SOLUSDT,0.01,0.03
518,"Feb 5, 2022, 9:00:00",BNBUSDT,0.01,0.03
519,"Feb 5, 2022, 9:00:00",ADAUSDT,0.01,0.03
520,"Feb 5, 2022, 9:00:00",DOTUSDT,0.01,0.03
521,"Feb 5, 2022, 9:00:00",DOGEUSDT,0.01,0.03
522,"Feb 5, 2022, 9:00:00",LTCUSD,0.01,0.03
523,"Feb 5, 2022, 9:00:00",BCHUSD,0.01,0.03
524,"Feb 5, 2022, 9:00:00",XRPUSD,0.01,0.03
525,"Feb 5, 2022, 9:00:00",ETHUSD,0.01,0.03
526,"Feb 5, 2022, 9:00:00",XBTUSD,0.0074,0.0222
527,"Feb 5, 2022, 1:00:00",MANAUSDT,0.01,0.03
528,"Feb 5, 2022, 1:00:00",SANDUSDT,0.01,0.03
529,"Feb 5, 2022, 1:00:00",FTMUSDT,0.01,0.03
530,"Feb 5, 2022, 1:00:00",SHIBUSDT,0.01,0.03
531,"Feb 5, 2022, 1:00:00",LTCUSDT,0.01,0.03
532,"Feb 5, 2022, 1:00:00",BCHUSDT,0.01,0.03
533,"Feb 5, 2022, 1:00:00",XRPUSDT,0.01,0.03
534,"Feb 5, 2022, 1:00:00",ETHUSDT,0.01,0.03
535,"Feb 5, 2022, 1:00:00",XBTUSDT,0.01,0.03
536,"Feb 5, 2022, 1:00:00",SOLUSD,0.0707,0.2121
537,"Feb 5, 2022, 1:00:00",LINKUSD,0.0746,0.2238
538,"Feb 5, 2022, 1:00:00",EOSUSD,0.01,0.03
539,"Feb 5, 2022, 1:00:00",AXSUSD,0.01,0.03
540,"Feb 5, 2022, 1:00:00",DOTUSD,0.01,0.03
541,"Feb 5, 2022, 1:00:00",BNBUSD,0.0506,0.1518
542,"Feb 5, 2022, 1:00:00",DOGEUSD,0.0883,0.2649
543,"Feb 5, 2022, 1:00:00",ADAUSD,0.0177,0.0531
544,"Feb 5, 2022, 1:00:00",AVAXUSD,0.01,0.03
545,"Feb 5, 2022, 1:00:00",LUNAUSD,0.01,0.03
546,"Feb 5, 2022, 1:00:00",MATICUSDT,0.01,0.03
547,"Feb 5, 2022, 1:00:00",XBTEUR,-0.0043,-0.0129
548,"Feb 5, 2022, 1:00:00",SOLUSDT,0.01,0.03
549,"Feb 5, 2022, 1:00:00",BNBUSDT,-0.034,-0.102
550,"Feb 5, 2022, 1:00:00",ADAUSDT,0.01,0.03
551,"Feb 5, 2022, 1:00:00",DOTUSDT,0.01,0.03
552,"Feb 5, 2022, 1:00:00",DOGEUSDT,0.01,0.03
553,"Feb 5, 2022, 1:00:00",LTCUSD,0.01,0.03
554,"Feb 5, 2022, 1:00:00",BCHUSD,0.01,0.03
555,"Feb 5, 2022, 1:00:00",XRPUSD,0.01,0.03
556,"Feb 5, 2022, 1:00:00",ETHUSD,0.01,0.03
557,"Feb 5, 2022, 1:00:00",XBTUSD,-0.0002,-0.0006
558,"Feb 5, 2022, 5:00:00",MANAUSDT,0.01,0.03
559,"Feb 5, 2022, 5:00:00",SANDUSDT,0.01,0.03
560,"Feb 5, 2022, 5:00:00",FTMUSDT,0.01,0.03
561,"Feb 5, 2022, 5:00:00",SHIBUSDT,0.01,0.03
562,"Feb 5, 2022, 5:00:00",LTCUSDT,0.01,0.03
563,"Feb 5, 2022, 5:00:00",BCHUSDT,0.01,0.03
564,"Feb 5, 2022, 5:00:00",XRPUSDT,0.01,0.03
565,"Feb 5, 2022, 5:00:00",ETHUSDT,0.01,0.03
566,"Feb 5, 2022, 5:00:00",XBTUSDT,0.01,0.03
567,"Feb 5, 2022, 5:00:00",SOLUSD,0.0826,0.2478
568,"Feb 5, 2022, 5:00:00",LINKUSD,0.0599,0.1797
569,"Feb 5, 2022, 5:00:00",EOSUSD,0.01,0.03
570,"Feb 5, 2022, 5:00:00",AXSUSD,0.01,0.03
571,"Feb 5, 2022, 5:00:00",DOTUSD,0.01,0.03
572,"Feb 5, 2022, 5:00:00",BNBUSD,0.0513,0.1539
573,"Feb 5, 2022, 5:00:00",DOGEUSD,0.0822,0.2466
574,"Feb 5, 2022, 5:00:00",ADAUSD,0.0303,0.0909
575,"Feb 5, 2022, 5:00:00",AVAXUSD,0.01,0.03
576,"Feb 5, 2022, 5:00:00",LUNAUSD,0.01,0.03
577,"Feb 5, 2022, 5:00:00",MATICUSDT,0.01,0.03
578,"Feb 5, 2022, 5:00:00",XBTEUR,0.01,0.03
579,"Feb 5, 2022, 5:00:00",SOLUSDT,0.01,0.03
580,"Feb 5, 2022, 5:00:00",BNBUSDT,0.01,0.03
581,"Feb 5, 2022, 5:00:00",ADAUSDT,0.01,0.03
582,"Feb 5, 2022, 5:00:00",DOTUSDT,0.01,0.03
583,"Feb 5, 2022, 5:00:00",DOGEUSDT,0.01,0.03
584,"Feb 5, 2022, 5:00:00",LTCUSD,0.01,0.03
585,"Feb 5, 2022, 5:00:00",BCHUSD,0.01,0.03
586,"Feb 5, 2022, 5:00:00",XRPUSD,0.01,0.03
587,"Feb 5, 2022, 5:00:00",ETHUSD,0.01,0.03
588,"Feb 5, 2022, 5:00:00",XBTUSD,0.0059,0.0177
589,"Feb 4, 2022, 9:00:00",MANAUSDT,-0.0089,-0.0267
590,"Feb 4, 2022, 9:00:00",SANDUSDT,0.01,0.03
591,"Feb 4, 2022, 9:00:00",FTMUSDT,0.01,0.03
592,"Feb 4, 2022, 9:00:00",SHIBUSDT,0.01,0.03
593,"Feb 4, 2022, 9:00:00",LTCUSDT,0.01,0.03
594,"Feb 4, 2022, 9:00:00",BCHUSDT,0.01,0.03
595,"Feb 4, 2022, 9:00:00",XRPUSDT,0.01,0.03
596,"Feb 4, 2022, 9:00:00",ETHUSDT,0.01,0.03
597,"Feb 4, 2022, 9:00:00",XBTUSDT,0.01,0.03
598,"Feb 4, 2022, 9:00:00",SOLUSD,0.0776,0.2328
599,"Feb 4, 2022, 9:00:00",LINKUSD,0.0449,0.1347
600,"Feb 4, 2022, 9:00:00",EOSUSD,0.01,0.03
601,"Feb 4, 2022, 9:00:00",AXSUSD,-0.0013,-0.0039
602,"Feb 4, 2022, 9:00:00",DOTUSD,0.01,0.03
603,"Feb 4, 2022, 9:00:00",BNBUSD,0.01,0.03
604,"Feb 4, 2022, 9:00:00",DOGEUSD,0.0462,0.1386
605,"Feb 4, 2022, 9:00:00",ADAUSD,0.01,0.03
606,"Feb 4, 2022, 9:00:00",AVAXUSD,0.01,0.03
607,"Feb 4, 2022, 9:00:00",LUNAUSD,0.01,0.03
608,"Feb 4, 2022, 9:00:00",MATICUSDT,0.01,0.03
609,"Feb 4, 2022, 9:00:00",XBTEUR,0.01,0.03
610,"Feb 4, 2022, 9:00:00",SOLUSDT,0.01,0.03
611,"Feb 4, 2022, 9:00:00",BNBUSDT,-0.014,-0.042
612,"Feb 4, 2022, 9:00:00",ADAUSDT,0.01,0.03
613,"Feb 4, 2022, 9:00:00",DOTUSDT,0.01,0.03
614,"Feb 4, 2022, 9:00:00",DOGEUSDT,0.01,0.03
615,"Feb 4, 2022, 9:00:00",LTCUSD,0.01,0.03
616,"Feb 4, 2022, 9:00:00",BCHUSD,0.01,0.03
617,"Feb 4, 2022, 9:00:00",XRPUSD,0.01,0.03
618,"Feb 4, 2022, 9:00:00",ETHUSD,0.01,0.03
619,"Feb 4, 2022, 9:00:00",XBTUSD,0.01,0.03
620,"Feb 4, 2022, 1:00:00",MANAUSDT,0.01,0.03
621,"Feb 4, 2022, 1:00:00",SANDUSDT,0.01,0.03
622,"Feb 4, 2022, 1:00:00",FTMUSDT,0.01,0.03
623,"Feb 4, 2022, 1:00:00",SHIBUSDT,0.01,0.03
624,"Feb 4, 2022, 1:00:00",LTCUSDT,0.01,0.03
625,"Feb 4, 2022, 1:00:00",BCHUSDT,0.01,0.03
626,"Feb 4, 2022, 1:00:00",XRPUSDT,0.01,0.03
627,"Feb 4, 2022, 1:00:00",ETHUSDT,0.01,0.03
628,"Feb 4, 2022, 1:00:00",XBTUSDT,0.0043,0.0129
629,"Feb 4, 2022, 1:00:00",SOLUSD,0.0807,0.2421
630,"Feb 4, 2022, 1:00:00",LINKUSD,0.0276,0.0828
631,"Feb 4, 2022, 1:00:00",EOSUSD,0.01,0.03
632,"Feb 4, 2022, 1:00:00",AXSUSD,0.01,0.03
633,"Feb 4, 2022, 1:00:00",DOTUSD,0.01,0.03
634,"Feb 4, 2022, 1:00:00",BNBUSD,0.01,0.03
635,"Feb 4, 2022, 1:00:00",DOGEUSD,0.0416,0.1248
636,"Feb 4, 2022, 1:00:00",ADAUSD,0.01,0.03
637,"Feb 4, 2022, 1:00:00",AVAXUSD,0.01,0.03
638,"Feb 4, 2022, 1:00:00",LUNAUSD,0.01,0.03
639,"Feb 4, 2022, 1:00:00",MATICUSDT,0.01,0.03
640,"Feb 4, 2022, 1:00:00",XBTEUR,0.0006,0.0018
641,"Feb 4, 2022, 1:00:00",SOLUSDT,0.01,0.03
642,"Feb 4, 2022, 1:00:00",BNBUSDT,0.006,0.018
643,"Feb 4, 2022, 1:00:00",ADAUSDT,0.01,0.03
644,"Feb 4, 2022, 1:00:00",DOTUSDT,0.01,0.03
645,"Feb 4, 2022, 1:00:00",DOGEUSDT,0.01,0.03
646,"Feb 4, 2022, 1:00:00",LTCUSD,0.01,0.03
647,"Feb 4, 2022, 1:00:00",BCHUSD,0.01,0.03
648,"Feb 4, 2022, 1:00:00",XRPUSD,0.01,0.03
649,"Feb 4, 2022, 1:00:00",ETHUSD,0.01,0.03
650,"Feb 4, 2022, 1:00:00",XBTUSD,-0.0083,-0.0249
651,"Feb 4, 2022, 5:00:00",MANAUSDT,0.01,0.03
652,"Feb 4, 2022, 5:00:00",SANDUSDT,0.01,0.03
653,"Feb 4, 2022, 5:00:00",FTMUSDT,0.01,0.03
654,"Feb 4, 2022, 5:00:00",SHIBUSDT,0.01,0.03
655,"Feb 4, 2022, 5:00:00",LTCUSDT,0.01,0.03
656,"Feb 4, 2022, 5:00:00",BCHUSDT,0.01,0.03
657,"Feb 4, 2022, 5:00:00",XRPUSDT,0.01,0.03
658,"Feb 4, 2022, 5:00:00",ETHUSDT,0.01,0.03
659,"Feb 4, 2022, 5:00:00",XBTUSDT,0.01,0.03
660,"Feb 4, 2022, 5:00:00",SOLUSD,0.0623,0.1869
661,"Feb 4, 2022, 5:00:00",LINKUSD,0.0336,0.1008
662,"Feb 4, 2022, 5:00:00",EOSUSD,0.01,0.03
663,"Feb 4, 2022, 5:00:00",AXSUSD,0.01,0.03
664,"Feb 4, 2022, 5:00:00",DOTUSD,0.01,0.03
665,"Feb 4, 2022, 5:00:00",BNBUSD,0.01,0.03
666,"Feb 4, 2022, 5:00:00",DOGEUSD,0.031,0.093
667,"Feb 4, 2022, 5:00:00",ADAUSD,0.01,0.03
668,"Feb 4, 2022, 5:00:00",AVAXUSD,0.01,0.03
669,"Feb 4, 2022, 5:00:00",LUNAUSD,0.01,0.03
670,"Feb 4, 2022, 5:00:00",MATICUSDT,0.01,0.03
671,"Feb 4, 2022, 5:00:00",XBTEUR,0.01,0.03
672,"Feb 4, 2022, 5:00:00",SOLUSDT,0.01,0.03
673,"Feb 4, 2022, 5:00:00",BNBUSDT,0.01,0.03
674,"Feb 4, 2022, 5:00:00",ADAUSDT,0.01,0.03
675,"Feb 4, 2022, 5:00:00",DOTUSDT,0.01,0.03
676,"Feb 4, 2022, 5:00:00",DOGEUSDT,0.01,0.03
677,"Feb 4, 2022, 5:00:00",LTCUSD,0.01,0.03
678,"Feb 4, 2022, 5:00:00",BCHUSD,0.01,0.03
679,"Feb 4, 2022, 5:00:00",XRPUSD,0.01,0.03
680,"Feb 4, 2022, 5:00:00",ETHUSD,0.0211,0.0633
681,"Feb 4, 2022, 5:00:00",XBTUSD,-0.0066,-0.0198
682,"Feb 3, 2022, 9:00:00",MANAUSDT,0.01,0.03
683,"Feb 3, 2022, 9:00:00",SANDUSDT,0.01,0.03
684,"Feb 3, 2022, 9:00:00",FTMUSDT,0.01,0.03
685,"Feb 3, 2022, 9:00:00",SHIBUSDT,0.01,0.03
686,"Feb 3, 2022, 9:00:00",LTCUSDT,0.01,0.03
687,"Feb 3, 2022, 9:00:00",BCHUSDT,0.01,0.03
688,"Feb 3, 2022, 9:00:00",XRPUSDT,0.01,0.03
689,"Feb 3, 2022, 9:00:00",ETHUSDT,0.01,0.03
690,"Feb 3, 2022, 9:00:00",XBTUSDT,0.01,0.03
691,"Feb 3, 2022, 9:00:00",SOLUSD,0.0683,0.2049
692,"Feb 3, 2022, 9:00:00",LINKUSD,0.0353,0.1059
693,"Feb 3, 2022, 9:00:00",EOSUSD,0.01,0.03
694,"Feb 3, 2022, 9:00:00",AXSUSD,0.01,0.03
695,"Feb 3, 2022, 9:00:00",DOTUSD,0.01,0.03
696,"Feb 3, 2022, 9:00:00",BNBUSD,0.01,0.03
697,"Feb 3, 2022, 9:00:00",DOGEUSD,0.0405,0.1215
698,"Feb 3, 2022, 9:00:00",ADAUSD,0.01,0.03
699,"Feb 3, 2022, 9:00:00",AVAXUSD,0.01,0.03
700,"Feb 3, 2022, 9:00:00",LUNAUSD,0.01,0.03
701,"Feb 3, 2022, 9:00:00",MATICUSDT,0.01,0.03
702,"Feb 3, 2022, 9:00:00",XBTEUR,0.0098,0.0294
703,"Feb 3, 2022, 9:00:00",SOLUSDT,0.01,0.03
704,"Feb 3, 2022, 9:00:00",BNBUSDT,-0.029,-0.087
705,"Feb 3, 2022, 9:00:00",ADAUSDT,0.01,0.03
706,"Feb 3, 2022, 9:00:00",DOTUSDT,0.01,0.03
707,"Feb 3, 2022, 9:00:00",DOGEUSDT,0.01,0.03
708,"Feb 3, 2022, 9:00:00",LTCUSD,0.01,0.03
709,"Feb 3, 2022, 9:00:00",BCHUSD,0.01,0.03
710,"Feb 3, 2022, 9:00:00",XRPUSD,0.01,0.03
711,"Feb 3, 2022, 9:00:00",ETHUSD,0.0166,0.0498
712,"Feb 3, 2022, 9:00:00",XBTUSD,0.0052,0.0156
713,"Feb 3, 2022, 1:00:00",MANAUSDT,0.01,0.03
714,"Feb 3, 2022, 1:00:00",SANDUSDT,0.01,0.03
715,"Feb 3, 2022, 1:00:00",FTMUSDT,0.01,0.03
716,"Feb 3, 2022, 1:00:00",SHIBUSDT,0.01,0.03
717,"Feb 3, 2022, 1:00:00",LTCUSDT,0.01,0.03
718,"Feb 3, 2022, 1:00:00",BCHUSDT,0.01,0.03
719,"Feb 3, 2022, 1:00:00",XRPUSDT,0.01,0.03
720,"Feb 3, 2022, 1:00:00",ETHUSDT,0.01,0.03
721,"Feb 3, 2022, 1:00:00",XBTUSDT,0.01,0.03
722,"Feb 3, 2022, 1:00:00",SOLUSD,0.0284,0.0852
723,"Feb 3, 2022, 1:00:00",LINKUSD,0.01,0.03
724,"Feb 3, 2022, 1:00:00",EOSUSD,0.01,0.03
725,"Feb 3, 2022, 1:00:00",AXSUSD,-0.0438,-0.1314
726,"Feb 3, 2022, 1:00:00",DOTUSD,0.01,0.03
727,"Feb 3, 2022, 1:00:00",BNBUSD,0.01,0.03
728,"Feb 3, 2022, 1:00:00",DOGEUSD,0.026,0.078
729,"Feb 3, 2022, 1:00:00",ADAUSD,0.01,0.03
730,"Feb 3, 2022, 1:00:00",AVAXUSD,0.01,0.03
731,"Feb 3, 2022, 1:00:00",LUNAUSD,0.01,0.03
732,"Feb 3, 2022, 1:00:00",MATICUSDT,0.01,0.03
733,"Feb 3, 2022, 1:00:00",XBTEUR,-0.0118,-0.0354
734,"Feb 3, 2022, 1:00:00",SOLUSDT,0.01,0.03
735,"Feb 3, 2022, 1:00:00",BNBUSDT,-0.075,-0.225
736,"Feb 3, 2022, 1:00:00",ADAUSDT,0.01,0.03
737,"Feb 3, 2022, 1:00:00",DOTUSDT,0.01,0.03
738,"Feb 3, 2022, 1:00:00",DOGEUSDT,0.01,0.03
739,"Feb 3, 2022, 1:00:00",LTCUSD,0.01,0.03
740,"Feb 3, 2022, 1:00:00",BCHUSD,0.01,0.03
741,"Feb 3, 2022, 1:00:00",XRPUSD,0.01,0.03
742,"Feb 3, 2022, 1:00:00",ETHUSD,0.01,0.03
743,"Feb 3, 2022, 1:00:00",XBTUSD,0.0035,0.0105
744,"Feb 3, 2022, 5:00:00",MANAUSDT,0.01,0.03
745,"Feb 3, 2022, 5:00:00",SANDUSDT,0.01,0.03
746,"Feb 3, 2022, 5:00:00",FTMUSDT,0.01,0.03
747,"Feb 3, 2022, 5:00:00",SHIBUSDT,0.01,0.03
748,"Feb 3, 2022, 5:00:00",LTCUSDT,0.01,0.03
749,"Feb 3, 2022, 5:00:00",BCHUSDT,0.01,0.03
750,"Feb 3, 2022, 5:00:00",XRPUSDT,0.01,0.03
751,"Feb 3, 2022, 5:00:00",ETHUSDT,0.01,0.03
752,"Feb 3, 2022, 5:00:00",XBTUSDT,0.01,0.03
753,"Feb 3, 2022, 5:00:00",SOLUSD,0.01,0.03
754,"Feb 3, 2022, 5:00:00",LINKUSD,0.0201,0.0603
755,"Feb 3, 2022, 5:00:00",EOSUSD,0.01,0.03
756,"Feb 3, 2022, 5:00:00",AXSUSD,-0.0738,-0.2214
757,"Feb 3, 2022, 5:00:00",DOTUSD,0.01,0.03
758,"Feb 3, 2022, 5:00:00",BNBUSD,0.01,0.03
759,"Feb 3, 2022, 5:00:00",DOGEUSD,0.0166,0.0498
760,"Feb 3, 2022, 5:00:00",ADAUSD,0.01,0.03
761,"Feb 3, 2022, 5:00:00",AVAXUSD,0.01,0.03
762,"Feb 3, 2022, 5:00:00",LUNAUSD,0.01,0.03
763,"Feb 3, 2022, 5:00:00",MATICUSDT,0.01,0.03
764,"Feb 3, 2022, 5:00:00",XBTEUR,0.0035,0.0105
765,"Feb 3, 2022, 5:00:00",SOLUSDT,0.01,0.03
766,"Feb 3, 2022, 5:00:00",BNBUSDT,-0.033,-0.099
767,"Feb 3, 2022, 5:00:00",ADAUSDT,0.01,0.03
768,"Feb 3, 2022, 5:00:00",DOTUSDT,0.01,0.03
769,"Feb 3, 2022, 5:00:00",DOGEUSDT,0.01,0.03
770,"Feb 3, 2022, 5:00:00",LTCUSD,0.01,0.03
771,"Feb 3, 2022, 5:00:00",BCHUSD,0.01,0.03
772,"Feb 3, 2022, 5:00:00",XRPUSD,0.01,0.03
773,"Feb 3, 2022, 5:00:00",ETHUSD,0.01,0.03
774,"Feb 3, 2022, 5:00:00",XBTUSD,0.0069,0.0207
775,"Feb 2, 2022, 9:00:00",MANAUSDT,0.01,0.03
776,"Feb 2, 2022, 9:00:00",SANDUSDT,0.01,0.03
777,"Feb 2, 2022, 9:00:00",FTMUSDT,0.01,0.03
778,"Feb 2, 2022, 9:00:00",SHIBUSDT,0.01,0.03
779,"Feb 2, 2022, 9:00:00",LTCUSDT,0.01,0.03
780,"Feb 2, 2022, 9:00:00",BCHUSDT,0.01,0.03
781,"Feb 2, 2022, 9:00:00",XRPUSDT,0.01,0.03
782,"Feb 2, 2022, 9:00:00",ETHUSDT,0.01,0.03
783,"Feb 2, 2022, 9:00:00",XBTUSDT,0.01,0.03
784,"Feb 2, 2022, 9:00:00",SOLUSD,0.01,0.03
785,"Feb 2, 2022, 9:00:00",LINKUSD,0.0373,0.1119
786,"Feb 2, 2022, 9:00:00",EOSUSD,0.01,0.03
787,"Feb 2, 2022, 9:00:00",AXSUSD,-0.1225,-0.3675
788,"Feb 2, 2022, 9:00:00",DOTUSD,0.01,0.03
789,"Feb 2, 2022, 9:00:00",BNBUSD,0.01,0.03
790,"Feb 2, 2022, 9:00:00",DOGEUSD,0.0377,0.1131
791,"Feb 2, 2022, 9:00:00",ADAUSD,0.01,0.03
792,"Feb 2, 2022, 9:00:00",AVAXUSD,0.01,0.03
793,"Feb 2, 2022, 9:00:00",LUNAUSD,0.01,0.03
794,"Feb 2, 2022, 9:00:00",MATICUSDT,0.01,0.03
795,"Feb 2, 2022, 9:00:00",XBTEUR,0.0029,0.0087
796,"Feb 2, 2022, 9:00:00",SOLUSDT,0.01,0.03
797,"Feb 2, 2022, 9:00:00",BNBUSDT,-0.019,-0.057
798,"Feb 2, 2022, 9:00:00",ADAUSDT,0.01,0.03
799,"Feb 2, 2022, 9:00:00",DOTUSDT,0.01,0.03
800,"Feb 2, 2022, 9:00:00",DOGEUSDT,0.01,0.03
801,"Feb 2, 2022, 9:00:00",LTCUSD,0.01,0.03
802,"Feb 2, 2022, 9:00:00",BCHUSD,0.01,0.03
803,"Feb 2, 2022, 9:00:00",XRPUSD,-0.0055,-0.0165
804,"Feb 2, 2022, 9:00:00",ETHUSD,0.01,0.03
805,"Feb 2, 2022, 9:00:00",XBTUSD,-0.0114,-0.0342
806,"Feb 2, 2022, 1:00:00",MANAUSDT,0.01,0.03
807,"Feb 2, 2022, 1:00:00",SANDUSDT,0.01,0.03
808,"Feb 2, 2022, 1:00:00",FTMUSDT,0.01,0.03
809,"Feb 2, 2022, 1:00:00",SHIBUSDT,0.01,0.03
810,"Feb 2, 2022, 1:00:00",LTCUSDT,0.01,0.03
811,"Feb 2, 2022, 1:00:00",BCHUSDT,0.01,0.03
812,"Feb 2, 2022, 1:00:00",XRPUSDT,0.01,0.03
813,"Feb 2, 2022, 1:00:00",ETHUSDT,0.01,0.03
814,"Feb 2, 2022, 1:00:00",XBTUSDT,0.0078,0.0234
815,"Feb 2, 2022, 1:00:00",SOLUSD,0.0111,0.0333
816,"Feb 2, 2022, 1:00:00",LINKUSD,0.0618,0.1854
817,"Feb 2, 2022, 1:00:00",EOSUSD,0.01,0.03
818,"Feb 2, 2022, 1:00:00",AXSUSD,0.0023,0.0069
819,"Feb 2, 2022, 1:00:00",DOTUSD,0.01,0.03
820,"Feb 2, 2022, 1:00:00",BNBUSD,0.01,0.03
821,"Feb 2, 2022, 1:00:00",DOGEUSD,0.0294,0.0882
822,"Feb 2, 2022, 1:00:00",ADAUSD,0.01,0.03
823,"Feb 2, 2022, 1:00:00",AVAXUSD,0.01,0.03
824,"Feb 2, 2022, 1:00:00",LUNAUSD,0.01,0.03
825,"Feb 2, 2022, 1:00:00",MATICUSDT,0.01,0.03
826,"Feb 2, 2022, 1:00:00",XBTEUR,0.01,0.03
827,"Feb 2, 2022, 1:00:00",SOLUSDT,0.01,0.03
828,"Feb 2, 2022, 1:00:00",BNBUSDT,0.01,0.03
829,"Feb 2, 2022, 1:00:00",ADAUSDT,0.01,0.03
830,"Feb 2, 2022, 1:00:00",DOTUSDT,0.01,0.03
831,"Feb 2, 2022, 1:00:00",DOGEUSDT,0.01,0.03
832,"Feb 2, 2022, 1:00:00",LTCUSD,0.01,0.03
833,"Feb 2, 2022, 1:00:00",BCHUSD,0.01,0.03
834,"Feb 2, 2022, 1:00:00",XRPUSD,-0.0076,-0.0228
835,"Feb 2, 2022, 1:00:00",ETHUSD,0.01,0.03
836,"Feb 2, 2022, 1:00:00",XBTUSD,-0.003,-0.009
837,"Feb 2, 2022, 5:00:00",MANAUSDT,0.01,0.03
838,"Feb 2, 2022, 5:00:00",SANDUSDT,0.01,0.03
839,"Feb 2, 2022, 5:00:00",FTMUSDT,0.01,0.03
840,"Feb 2, 2022, 5:00:00",SHIBUSDT,0.01,0.03
841,"Feb 2, 2022, 5:00:00",LTCUSDT,0.01,0.03
842,"Feb 2, 2022, 5:00:00",BCHUSDT,0.01,0.03
843,"Feb 2, 2022, 5:00:00",XRPUSDT,0.01,0.03
844,"Feb 2, 2022, 5:00:00",ETHUSDT,0.01,0.03
845,"Feb 2, 2022, 5:00:00",XBTUSDT,0.01,0.03
846,"Feb 2, 2022, 5:00:00",SOLUSD,0.01,0.03
847,"Feb 2, 2022, 5:00:00",LINKUSD,0.0111,0.0333
848,"Feb 2, 2022, 5:00:00",EOSUSD,0.01,0.03
849,"Feb 2, 2022, 5:00:00",AXSUSD,0.01,0.03
850,"Feb 2, 2022, 5:00:00",DOTUSD,0.01,0.03
851,"Feb 2, 2022, 5:00:00",BNBUSD,0.01,0.03
852,"Feb 2, 2022, 5:00:00",DOGEUSD,0.0548,0.1644
853,"Feb 2, 2022, 5:00:00",ADAUSD,0.01,0.03
854,"Feb 2, 2022, 5:00:00",AVAXUSD,0.01,0.03
855,"Feb 2, 2022, 5:00:00",LUNAUSD,0.01,0.03
856,"Feb 2, 2022, 5:00:00",MATICUSDT,0.01,0.03
857,"Feb 2, 2022, 5:00:00",XBTEUR,-0.0008,-0.0024
858,"Feb 2, 2022, 5:00:00",SOLUSDT,0.01,0.03
859,"Feb 2, 2022, 5:00:00",BNBUSDT,-0.012,-0.036
860,"Feb 2, 2022, 5:00:00",ADAUSDT,0.01,0.03
861,"Feb 2, 2022, 5:00:00",DOTUSDT,0.01,0.03
862,"Feb 2, 2022, 5:00:00",DOGEUSDT,0.01,0.03
863,"Feb 2, 2022, 5:00:00",LTCUSD,0.01,0.03
864,"Feb 2, 2022, 5:00:00",BCHUSD,0.01,0.03
865,"Feb 2, 2022, 5:00:00",XRPUSD,0.01,0.03
866,"Feb 2, 2022, 5:00:00",ETHUSD,0.01,0.03
867,"Feb 2, 2022, 5:00:00",XBTUSD,-0.0132,-0.0396
868,"Feb 1, 2022, 9:00:00",MANAUSDT,0.009,0.027
869,"Feb 1, 2022, 9:00:00",SANDUSDT,0.01,0.03
870,"Feb 1, 2022, 9:00:00",FTMUSDT,0.01,0.03
871,"Feb 1, 2022, 9:00:00",SHIBUSDT,0.01,0.03
872,"Feb 1, 2022, 9:00:00",LTCUSDT,0.01,0.03
873,"Feb 1, 2022, 9:00:00",BCHUSDT,0.01,0.03
874,"Feb 1, 2022, 9:00:00",XRPUSDT,0.01,0.03
875,"Feb 1, 2022, 9:00:00",ETHUSDT,0.01,0.03
876,"Feb 1, 2022, 9:00:00",XBTUSDT,0.01,0.03
877,"Feb 1, 2022, 9:00:00",SOLUSD,0.01,0.03
878,"Feb 1, 2022, 9:00:00",LINKUSD,0.0168,0.0504
879,"Feb 1, 2022, 9:00:00",EOSUSD,0.01,0.03
880,"Feb 1, 2022, 9:00:00",AXSUSD,0.01,0.03
881,"Feb 1, 2022, 9:00:00",DOTUSD,0.01,0.03
882,"Feb 1, 2022, 9:00:00",BNBUSD,0.01,0.03
883,"Feb 1, 2022, 9:00:00",DOGEUSD,0.0568,0.1704
884,"Feb 1, 2022, 9:00:00",ADAUSD,0.01,0.03
885,"Feb 1, 2022, 9:00:00",AVAXUSD,0.01,0.03
886,"Feb 1, 2022, 9:00:00",LUNAUSD,0.01,0.03
887,"Feb 1, 2022, 9:00:00",MATICUSDT,0.01,0.03
888,"Feb 1, 2022, 9:00:00",XBTEUR,-0.0123,-0.0369
889,"Feb 1, 2022, 9:00:00",SOLUSDT,0.01,0.03
890,"Feb 1, 2022, 9:00:00",BNBUSDT,-0.008,-0.024
891,"Feb 1, 2022, 9:00:00",ADAUSDT,0.01,0.03
892,"Feb 1, 2022, 9:00:00",DOTUSDT,0.01,0.03
893,"Feb 1, 2022, 9:00:00",DOGEUSDT,0.01,0.03
894,"Feb 1, 2022, 9:00:00",LTCUSD,0.01,0.03
895,"Feb 1, 2022, 9:00:00",BCHUSD,0.01,0.03
896,"Feb 1, 2022, 9:00:00",XRPUSD,0.01,0.03
897,"Feb 1, 2022, 9:00:00",ETHUSD,0.01,0.03
898,"Feb 1, 2022, 9:00:00",XBTUSD,-0.0038,-0.0114
899,"Feb 1, 2022, 1:00:00",MANAUSDT,0.0023,0.0069
900,"Feb 1, 2022, 1:00:00",SANDUSDT,0.01,0.03
901,"Feb 1, 2022, 1:00:00",FTMUSDT,0.01,0.03
902,"Feb 1, 2022, 1:00:00",SHIBUSDT,0.01,0.03
903,"Feb 1, 2022, 1:00:00",LTCUSDT,0.01,0.03
904,"Feb 1, 2022, 1:00:00",BCHUSDT,0.01,0.03
905,"Feb 1, 2022, 1:00:00",XRPUSDT,0.01,0.03
906,"Feb 1, 2022, 1:00:00",ETHUSDT,0.01,0.03
907,"Feb 1, 2022, 1:00:00",XBTUSDT,0.0051,0.0153
908,"Feb 1, 2022, 1:00:00",SOLUSD,0.0301,0.0903
909,"Feb 1, 2022, 1:00:00",LINKUSD,0.0202,0.0606
910,"Feb 1, 2022, 1:00:00",EOSUSD,0.01,0.03
911,"Feb 1, 2022, 1:00:00",AXSUSD,-0.0222,-0.0666
912,"Feb 1, 2022, 1:00:00",DOTUSD,0.01,0.03
913,"Feb 1, 2022, 1:00:00",BNBUSD,0.01,0.03
914,"Feb 1, 2022, 1:00:00",DOGEUSD,0.0588,0.1764
915,"Feb 1, 2022, 1:00:00",ADAUSD,0.01,0.03
916,"Feb 1, 2022, 1:00:00",AVAXUSD,0.01,0.03
917,"Feb 1, 2022, 1:00:00",LUNAUSD,0.01,0.03
918,"Feb 1, 2022, 1:00:00",MATICUSDT,0.01,0.03
919,"Feb 1, 2022, 1:00:00",XBTEUR,-0.0321,-0.0963
920,"Feb 1, 2022, 1:00:00",SOLUSDT,0.01,0.03
921,"Feb 1, 2022, 1:00:00",BNBUSDT,-0.034,-0.102
922,"Feb 1, 2022, 1:00:00",ADAUSDT,0.01,0.03
923,"Feb 1, 2022, 1:00:00",DOTUSDT,0.01,0.03
924,"Feb 1, 2022, 1:00:00",DOGEUSDT,0.01,0.03
925,"Feb 1, 2022, 1:00:00",LTCUSD,0.01,0.03
926,"Feb 1, 2022, 1:00:00",BCHUSD,0.01,0.03
927,"Feb 1, 2022, 1:00:00",XRPUSD,0.01,0.03
928,"Feb 1, 2022, 1:00:00",ETHUSD,0.01,0.03
929,"Feb 1, 2022, 1:00:00",XBTUSD,-0.0129,-0.0387
930,"Feb 1, 2022, 5:00:00",MANAUSDT,-0.0327,-0.0981
931,"Feb 1, 2022, 5:00:00",SANDUSDT,0.01,0.03
932,"Feb 1, 2022, 5:00:00",FTMUSDT,0.01,0.03
933,"Feb 1, 2022, 5:00:00",SHIBUSDT,0.01,0.03
934,"Feb 1, 2022, 5:00:00",LTCUSDT,0.01,0.03
935,"Feb 1, 2022, 5:00:00",BCHUSDT,0.01,0.03
936,"Feb 1, 2022, 5:00:00",XRPUSDT,0.01,0.03
937,"Feb 1, 2022, 5:00:00",ETHUSDT,0.01,0.03
938,"Feb 1, 2022, 5:00:00",XBTUSDT,0.0023,0.0069
939,"Feb 1, 2022, 5:00:00",SOLUSD,0.0246,0.0738
940,"Feb 1, 2022, 5:00:00",LINKUSD,0.023,0.069
941,"Feb 1, 2022, 5:00:00",EOSUSD,0.01,0.03
942,"Feb 1, 2022, 5:00:00",AXSUSD,-0.0288,-0.0864
943,"Feb 1, 2022, 5:00:00",DOTUSD,0.01,0.03
944,"Feb 1, 2022, 5:00:00",BNBUSD,0.01,0.03
945,"Feb 1, 2022, 5:00:00",DOGEUSD,0.0666,0.1998
946,"Feb 1, 2022, 5:00:00",ADAUSD,0.01,0.03
947,"Feb 1, 2022, 5:00:00",AVAXUSD,0.01,0.03
948,"Feb 1, 2022, 5:00:00",LUNAUSD,0.01,0.03
949,"Feb 1, 2022, 5:00:00",MATICUSDT,0.01,0.03
950,"Feb 1, 2022, 5:00:00",XBTEUR,-0.0257,-0.0771
951,"Feb 1, 2022, 5:00:00",SOLUSDT,0.01,0.03
952,"Feb 1, 2022, 5:00:00",BNBUSDT,-0.039,-0.117
953,"Feb 1, 2022, 5:00:00",ADAUSDT,0.01,0.03
954,"Feb 1, 2022, 5:00:00",DOTUSDT,0.01,0.03
955,"Feb 1, 2022, 5:00:00",DOGEUSDT,0.01,0.03
956,"Feb 1, 2022, 5:00:00",LTCUSD,0.0224,0.0672
957,"Feb 1, 2022, 5:00:00",BCHUSD,0.01,0.03
958,"Feb 1, 2022, 5:00:00",XRPUSD,0.0055,0.0165
959,"Feb 1, 2022, 5:00:00",ETHUSD,0.01,0.03
960,"Feb 1, 2022, 5:00:00",XBTUSD,-0.0159,-0.0477
961,"Jan 31, 2022, 9:00:00",MANAUSDT,-0.0275,-0.0825
962,"Jan 31, 2022, 9:00:00",SANDUSDT,0.01,0.03
963,"Jan 31, 2022, 9:00:00",FTMUSDT,0.01,0.03
964,"Jan 31, 2022, 9:00:00",SHIBUSDT,0.01,0.03
965,"Jan 31, 2022, 9:00:00",LTCUSDT,0.01,0.03
966,"Jan 31, 2022, 9:00:00",BCHUSDT,0.01,0.03
967,"Jan 31, 2022, 9:00:00",XRPUSDT,0.01,0.03
968,"Jan 31, 2022, 9:00:00",ETHUSDT,0.01,0.03
969,"Jan 31, 2022, 9:00:00",XBTUSDT,0.01,0.03
970,"Jan 31, 2022, 9:00:00",SOLUSD,0.0419,0.1257
971,"Jan 31, 2022, 9:00:00",LINKUSD,0.0274,0.0822
972,"Jan 31, 2022, 9:00:00",EOSUSD,0.01,0.03
973,"Jan 31, 2022, 9:00:00",AXSUSD,-0.0112,-0.0336
974,"Jan 31, 2022, 9:00:00",DOTUSD,0.01,0.03
975,"Jan 31, 2022, 9:00:00",BNBUSD,0.01,0.03
976,"Jan 31, 2022, 9:00:00",DOGEUSD,0.0712,0.2136
977,"Jan 31, 2022, 9:00:00",ADAUSD,0.01,0.03
978,"Jan 31, 2022, 9:00:00",AVAXUSD,0.01,0.03
979,"Jan 31, 2022, 9:00:00",LUNAUSD,0.01,0.03
980,"Jan 31, 2022, 9:00:00",MATICUSDT,0.01,0.03
981,"Jan 31, 2022, 9:00:00",XBTEUR,0.01,0.03
982,"Jan 31, 2022, 9:00:00",SOLUSDT,0.01,0.03
983,"Jan 31, 2022, 9:00:00",BNBUSDT,0.01,0.03
984,"Jan 31, 2022, 9:00:00",ADAUSDT,0.01,0.03
985,"Jan 31, 2022, 9:00:00",DOTUSDT,0.01,0.03
986,"Jan 31, 2022, 9:00:00",DOGEUSDT,0.01,0.03
987,"Jan 31, 2022, 9:00:00",LTCUSD,0.01,0.03
988,"Jan 31, 2022, 9:00:00",BCHUSD,0.01,0.03
989,"Jan 31, 2022, 9:00:00",XRPUSD,0.01,0.03
990,"Jan 31, 2022, 9:00:00",ETHUSD,0.01,0.03
991,"Jan 31, 2022, 9:00:00",XBTUSD,0.002,0.006
992,"Jan 31, 2022, 1:00:00",MANAUSDT,-0.0172,-0.0516
993,"Jan 31, 2022, 1:00:00",SANDUSDT,0.01,0.03
994,"Jan 31, 2022, 1:00:00",FTMUSDT,0.01,0.03
995,"Jan 31, 2022, 1:00:00",SHIBUSDT,0.01,0.03
996,"Jan 31, 2022, 1:00:00",LTCUSDT,0.01,0.03
997,"Jan 31, 2022, 1:00:00",BCHUSDT,0.01,0.03
998,"Jan 31, 2022, 1:00:00",XRPUSDT,0.01,0.03
999,"Jan 31, 2022, 1:00:00",ETHUSDT,0.01,0.03
1000,"Jan 31, 2022, 1:00:00",XBTUSDT,-0.0069,-0.0207
1001,"Jan 31, 2022, 1:00:00",SOLUSD,0.0437,0.1311
1002,"Jan 31, 2022, 1:00:00",LINKUSD,0.0369,0.1107
1003,"Jan 31, 2022, 1:00:00",EOSUSD,0.01,0.03
1004,"Jan 31, 2022, 1:00:00",AXSUSD,-0.0509,-0.1527
1005,"Jan 31, 2022, 1:00:00",DOTUSD,0.01,0.03
1006,"Jan 31, 2022, 1:00:00",BNBUSD,0.01,0.03
1007,"Jan 31, 2022, 1:00:00",DOGEUSD,0.0469,0.1407
1008,"Jan 31, 2022, 1:00:00",ADAUSD,0.01,0.03
1009,"Jan 31, 2022, 1:00:00",AVAXUSD,0.01,0.03
1010,"Jan 31, 2022, 1:00:00",LUNAUSD,0.01,0.03
1011,"Jan 31, 2022, 1:00:00",MATICUSDT,0.01,0.03
1012,"Jan 31, 2022, 1:00:00",XBTEUR,-0.0092,-0.0276
1013,"Jan 31, 2022, 1:00:00",SOLUSDT,0.01,0.03
1014,"Jan 31, 2022, 1:00:00",BNBUSDT,0.005,0.015
1015,"Jan 31, 2022, 1:00:00",ADAUSDT,0.01,0.03
1016,"Jan 31, 2022, 1:00:00",DOTUSDT,0.01,0.03
1017,"Jan 31, 2022, 1:00:00",DOGEUSDT,0.0095,0.0285
1018,"Jan 31, 2022, 1:00:00",LTCUSD,0.01,0.03
1019,"Jan 31, 2022, 1:00:00",BCHUSD,0.01,0.03
1020,"Jan 31, 2022, 1:00:00",XRPUSD,0.01,0.03
1021,"Jan 31, 2022, 1:00:00",ETHUSD,0.012,0.036
1022,"Jan 31, 2022, 1:00:00",XBTUSD,-0.0037,-0.0111
1023,"Jan 31, 2022, 5:00:00",MANAUSDT,0.0001,0.0003
1024,"Jan 31, 2022, 5:00:00",SANDUSDT,0.01,0.03
1025,"Jan 31, 2022, 5:00:00",FTMUSDT,0.01,0.03
1026,"Jan 31, 2022, 5:00:00",SHIBUSDT,0.01,0.03
1027,"Jan 31, 2022, 5:00:00",LTCUSDT,0.01,0.03
1028,"Jan 31, 2022, 5:00:00",BCHUSDT,0.01,0.03
1029,"Jan 31, 2022, 5:00:00",XRPUSDT,0.01,0.03
1030,"Jan 31, 2022, 5:00:00",ETHUSDT,0.01,0.03
1031,"Jan 31, 2022, 5:00:00",XBTUSDT,0.01,0.03
1032,"Jan 31, 2022, 5:00:00",SOLUSD,0.01,0.03
1033,"Jan 31, 2022, 5:00:00",LINKUSD,0.01,0.03
1034,"Jan 31, 2022, 5:00:00",EOSUSD,0.01,0.03
1035,"Jan 31, 2022, 5:00:00",AXSUSD,-0.0885,-0.2655
1036,"Jan 31, 2022, 5:00:00",DOTUSD,0.01,0.03
1037,"Jan 31, 2022, 5:00:00",BNBUSD,0.01,0.03
1038,"Jan 31, 2022, 5:00:00",DOGEUSD,0.0492,0.1476
1039,"Jan 31, 2022, 5:00:00",ADAUSD,0.01,0.03
1040,"Jan 31, 2022, 5:00:00",AVAXUSD,0.01,0.03
1041,"Jan 31, 2022, 5:00:00",LUNAUSD,0.0118,0.0354
1042,"Jan 31, 2022, 5:00:00",MATICUSDT,0.01,0.03
1043,"Jan 31, 2022, 5:00:00",XBTEUR,-0.009,-0.027
1044,"Jan 31, 2022, 5:00:00",SOLUSDT,0.01,0.03
1045,"Jan 31, 2022, 5:00:00",BNBUSDT,-0.006,-0.018
1046,"Jan 31, 2022, 5:00:00",ADAUSDT,0.01,0.03
1047,"Jan 31, 2022, 5:00:00",DOTUSDT,0.01,0.03
1048,"Jan 31, 2022, 5:00:00",DOGEUSDT,0.01,0.03
1049,"Jan 31, 2022, 5:00:00",LTCUSD,0.01,0.03
1050,"Jan 31, 2022, 5:00:00",BCHUSD,0.01,0.03
1051,"Jan 31, 2022, 5:00:00",XRPUSD,0.01,0.03
1052,"Jan 31, 2022, 5:00:00",ETHUSD,0.01,0.03
1053,"Jan 31, 2022, 5:00:00",XBTUSD,-0.0031,-0.0093
1054,"Jan 30, 2022, 9:00:00",MANAUSDT,0.01,0.03
1055,"Jan 30, 2022, 9:00:00",SANDUSDT,0.01,0.03
1056,"Jan 30, 2022, 9:00:00",FTMUSDT,0.01,0.03
1057,"Jan 30, 2022, 9:00:00",SHIBUSDT,0.01,0.03
1058,"Jan 30, 2022, 9:00:00",LTCUSDT,0.01,0.03
1059,"Jan 30, 2022, 9:00:00",BCHUSDT,0.01,0.03
1060,"Jan 30, 2022, 9:00:00",XRPUSDT,0.01,0.03
1061,"Jan 30, 2022, 9:00:00",ETHUSDT,0.01,0.03
1062,"Jan 30, 2022, 9:00:00",XBTUSDT,0.01,0.03
1063,"Jan 30, 2022, 9:00:00",SOLUSD,0.0142,0.0426
1064,"Jan 30, 2022, 9:00:00",LINKUSD,0.025,0.075
1065,"Jan 30, 2022, 9:00:00",EOSUSD,0.01,0.03
1066,"Jan 30, 2022, 9:00:00",AXSUSD,0.0074,0.0222
1067,"Jan 30, 2022, 9:00:00",DOTUSD,0.01,0.03
1068,"Jan 30, 2022, 9:00:00",BNBUSD,0.01,0.03
1069,"Jan 30, 2022, 9:00:00",DOGEUSD,0.0507,0.1521
1070,"Jan 30, 2022, 9:00:00",ADAUSD,0.01,0.03
1071,"Jan 30, 2022, 9:00:00",AVAXUSD,0.01,0.03
1072,"Jan 30, 2022, 9:00:00",LUNAUSD,0.0224,0.0672
1073,"Jan 30, 2022, 9:00:00",MATICUSDT,0.01,0.03
1074,"Jan 30, 2022, 9:00:00",XBTEUR,-0.0276,-0.0828
1075,"Jan 30, 2022, 9:00:00",SOLUSDT,0.01,0.03
1076,"Jan 30, 2022, 9:00:00",BNBUSDT,0.008,0.024
1077,"Jan 30, 2022, 9:00:00",ADAUSDT,0.01,0.03
1078,"Jan 30, 2022, 9:00:00",DOTUSDT,0.01,0.03
1079,"Jan 30, 2022, 9:00:00",DOGEUSDT,0.01,0.03
1080,"Jan 30, 2022, 9:00:00",LTCUSD,0.01,0.03
1081,"Jan 30, 2022, 9:00:00",BCHUSD,0.01,0.03
1082,"Jan 30, 2022, 9:00:00",XRPUSD,0.01,0.03
1083,"Jan 30, 2022, 9:00:00",ETHUSD,0.0131,0.0393
1084,"Jan 30, 2022, 9:00:00",XBTUSD,-0.0004,-0.0012
1085,"Jan 30, 2022, 1:00:00",MANAUSDT,-0.0035,-0.0105
1086,"Jan 30, 2022, 1:00:00",SANDUSDT,0.01,0.03
1087,"Jan 30, 2022, 1:00:00",FTMUSDT,0.01,0.03
1088,"Jan 30, 2022, 1:00:00",SHIBUSDT,0.01,0.03
1089,"Jan 30, 2022, 1:00:00",LTCUSDT,0.01,0.03
1090,"Jan 30, 2022, 1:00:00",BCHUSDT,0.01,0.03
1091,"Jan 30, 2022, 1:00:00",XRPUSDT,0.01,0.03
1092,"Jan 30, 2022, 1:00:00",ETHUSDT,0.01,0.03
1093,"Jan 30, 2022, 1:00:00",XBTUSDT,0.01,0.03
1094,"Jan 30, 2022, 1:00:00",SOLUSD,0.0159,0.0477
1095,"Jan 30, 2022, 1:00:00",LINKUSD,0.0325,0.0975
1096,"Jan 30, 2022, 1:00:00",EOSUSD,0.01,0.03
1097,"Jan 30, 2022, 1:00:00",AXSUSD,0.01,0.03
1098,"Jan 30, 2022, 1:00:00",DOTUSD,0.01,0.03
1099,"Jan 30, 2022, 1:00:00",BNBUSD,0.0137,0.0411
1100,"Jan 30, 2022, 1:00:00",DOGEUSD,0.0754,0.2262
1101,"Jan 30, 2022, 1:00:00",ADAUSD,0.0162,0.0486
1102,"Jan 30, 2022, 1:00:00",AVAXUSD,0.01,0.03
1103,"Jan 30, 2022, 1:00:00",LUNAUSD,0.0319,0.0957
1104,"Jan 30, 2022, 1:00:00",MATICUSDT,0.01,0.03
1105,"Jan 30, 2022, 1:00:00",XBTEUR,-0.059,-0.177
1106,"Jan 30, 2022, 1:00:00",SOLUSDT,0.01,0.03
1107,"Jan 30, 2022, 1:00:00",BNBUSDT,0.004,0.012
1108,"Jan 30, 2022, 1:00:00",ADAUSDT,0.01,0.03
1109,"Jan 30, 2022, 1:00:00",DOTUSDT,0.01,0.03
1110,"Jan 30, 2022, 1:00:00",DOGEUSDT,0.01,0.03
1111,"Jan 30, 2022, 1:00:00",LTCUSD,0.01,0.03
1112,"Jan 30, 2022, 1:00:00",BCHUSD,0.01,0.03
1113,"Jan 30, 2022, 1:00:00",XRPUSD,0.01,0.03
1114,"Jan 30, 2022, 1:00:00",ETHUSD,0.0351,0.1053
1115,"Jan 30, 2022, 1:00:00",XBTUSD,-0.0029,-0.0087
1116,"Jan 30, 2022, 5:00:00",MANAUSDT,0.01,0.03
1117,"Jan 30, 2022, 5:00:00",SANDUSDT,0.01,0.03
1118,"Jan 30, 2022, 5:00:00",FTMUSDT,0.01,0.03
1119,"Jan 30, 2022, 5:00:00",SHIBUSDT,0.01,0.03
1120,"Jan 30, 2022, 5:00:00",LTCUSDT,0.01,0.03
1121,"Jan 30, 2022, 5:00:00",BCHUSDT,0.01,0.03
1122,"Jan 30, 2022, 5:00:00",XRPUSDT,0.01,0.03
1123,"Jan 30, 2022, 5:00:00",ETHUSDT,0.01,0.03
1124,"Jan 30, 2022, 5:00:00",XBTUSDT,0.01,0.03
1125,"Jan 30, 2022, 5:00:00",SOLUSD,0.0224,0.0672
1126,"Jan 30, 2022, 5:00:00",LINKUSD,0.0595,0.1785
1127,"Jan 30, 2022, 5:00:00",EOSUSD,0.01,0.03
1128,"Jan 30, 2022, 5:00:00",AXSUSD,-0.0247,-0.0741
1129,"Jan 30, 2022, 5:00:00",DOTUSD,0.01,0.03
1130,"Jan 30, 2022, 5:00:00",BNBUSD,0.01,0.03
1131,"Jan 30, 2022, 5:00:00",DOGEUSD,0.0851,0.2553
1132,"Jan 30, 2022, 5:00:00",ADAUSD,0.01,0.03
1133,"Jan 30, 2022, 5:00:00",AVAXUSD,0.01,0.03
1134,"Jan 30, 2022, 5:00:00",LUNAUSD,0.01,0.03
1135,"Jan 30, 2022, 5:00:00",MATICUSDT,0.01,0.03
1136,"Jan 30, 2022, 5:00:00",XBTEUR,-0.0544,-0.1632
1137,"Jan 30, 2022, 5:00:00",SOLUSDT,0.01,0.03
1138,"Jan 30, 2022, 5:00:00",BNBUSDT,0.007,0.021
1139,"Jan 30, 2022, 5:00:00",ADAUSDT,0.01,0.03
1140,"Jan 30, 2022, 5:00:00",DOTUSDT,0.01,0.03
1141,"Jan 30, 2022, 5:00:00",DOGEUSDT,0.01,0.03
1142,"Jan 30, 2022, 5:00:00",LTCUSD,0.01,0.03
1143,"Jan 30, 2022, 5:00:00",BCHUSD,0.01,0.03
1144,"Jan 30, 2022, 5:00:00",XRPUSD,0.01,0.03
1145,"Jan 30, 2022, 5:00:00",ETHUSD,0.0552,0.1656
1146,"Jan 30, 2022, 5:00:00",XBTUSD,0.0012,0.0036
1147,"Jan 29, 2022, 9:00:00",MANAUSDT,0.009,0.027
1148,"Jan 29, 2022, 9:00:00",SANDUSDT,0.01,0.03
1149,"Jan 29, 2022, 9:00:00",FTMUSDT,0.01,0.03
1150,"Jan 29, 2022, 9:00:00",SHIBUSDT,0.01,0.03
1151,"Jan 29, 2022, 9:00:00",LTCUSDT,0.01,0.03
1152,"Jan 29, 2022, 9:00:00",BCHUSDT,0.01,0.03
1153,"Jan 29, 2022, 9:00:00",XRPUSDT,0.01,0.03
1154,"Jan 29, 2022, 9:00:00",ETHUSDT,0.01,0.03
1155,"Jan 29, 2022, 9:00:00",XBTUSDT,0.01,0.03
1156,"Jan 29, 2022, 9:00:00",SOLUSD,0.0426,0.1278
1157,"Jan 29, 2022, 9:00:00",LINKUSD,0.0576,0.1728
1158,"Jan 29, 2022, 9:00:00",EOSUSD,0.01,0.03
1159,"Jan 29, 2022, 9:00:00",AXSUSD,-0.075,-0.225
1160,"Jan 29, 2022, 9:00:00",DOTUSD,0.01,0.03
1161,"Jan 29, 2022, 9:00:00",BNBUSD,0.01,0.03
1162,"Jan 29, 2022, 9:00:00",DOGEUSD,0.0904,0.2712
1163,"Jan 29, 2022, 9:00:00",ADAUSD,0.01,0.03
1164,"Jan 29, 2022, 9:00:00",AVAXUSD,0.01,0.03
1165,"Jan 29, 2022, 9:00:00",LUNAUSD,0.01,0.03
1166,"Jan 29, 2022, 9:00:00",MATICUSDT,0.01,0.03
1167,"Jan 29, 2022, 9:00:00",XBTEUR,-0.0779,-0.2337
1168,"Jan 29, 2022, 9:00:00",SOLUSDT,0.01,0.03
1169,"Jan 29, 2022, 9:00:00",BNBUSDT,0.004,0.012
1170,"Jan 29, 2022, 9:00:00",ADAUSDT,0.01,0.03
1171,"Jan 29, 2022, 9:00:00",DOTUSDT,0.01,0.03
1172,"Jan 29, 2022, 9:00:00",DOGEUSDT,0.01,0.03
1173,"Jan 29, 2022, 9:00:00",LTCUSD,0.01,0.03
1174,"Jan 29, 2022, 9:00:00",BCHUSD,0.01,0.03
1175,"Jan 29, 2022, 9:00:00",XRPUSD,0.01,0.03
1176,"Jan 29, 2022, 9:00:00",ETHUSD,0.0293,0.0879
1177,"Jan 29, 2022, 9:00:00",XBTUSD,-0.0086,-0.0258
1178,"Jan 29, 2022, 1:00:00",MANAUSDT,0.01,0.03
1179,"Jan 29, 2022, 1:00:00",SANDUSDT,0.01,0.03
1180,"Jan 29, 2022, 1:00:00",FTMUSDT,0.01,0.03
1181,"Jan 29, 2022, 1:00:00",SHIBUSDT,0.01,0.03
1182,"Jan 29, 2022, 1:00:00",LTCUSDT,0.01,0.03
1183,"Jan 29, 2022, 1:00:00",BCHUSDT,0.01,0.03
1184,"Jan 29, 2022, 1:00:00",XRPUSDT,0.01,0.03
1185,"Jan 29, 2022, 1:00:00",ETHUSDT,0.01,0.03
1186,"Jan 29, 2022, 1:00:00",XBTUSDT,0.0063,0.0189
1187,"Jan 29, 2022, 1:00:00",SOLUSD,0.032,0.096
1188,"Jan 29, 2022, 1:00:00",LINKUSD,0.0658,0.1974
1189,"Jan 29, 2022, 1:00:00",EOSUSD,0.01,0.03
1190,"Jan 29, 2022, 1:00:00",AXSUSD,-0.1228,-0.3684
1191,"Jan 29, 2022, 1:00:00",DOTUSD,0.01,0.03
1192,"Jan 29, 2022, 1:00:00",BNBUSD,0.01,0.03
1193,"Jan 29, 2022, 1:00:00",DOGEUSD,0.0938,0.2814
1194,"Jan 29, 2022, 1:00:00",ADAUSD,0.0174,0.0522
1195,"Jan 29, 2022, 1:00:00",AVAXUSD,0.01,0.03
1196,"Jan 29, 2022, 1:00:00",LUNAUSD,0.01,0.03
1197,"Jan 29, 2022, 1:00:00",MATICUSDT,0.01,0.03
1198,"Jan 29, 2022, 1:00:00",XBTEUR,-0.1263,-0.3789
1199,"Jan 29, 2022, 1:00:00",SOLUSDT,0.01,0.03
1200,"Jan 29, 2022, 1:00:00",BNBUSDT,-0.036,-0.108
1201,"Jan 29, 2022, 1:00:00",ADAUSDT,0.01,0.03
1202,"Jan 29, 2022, 1:00:00",DOTUSDT,0.01,0.03
1203,"Jan 29, 2022, 1:00:00",DOGEUSDT,0.01,0.03
1204,"Jan 29, 2022, 1:00:00",LTCUSD,0.01,0.03
1205,"Jan 29, 2022, 1:00:00",BCHUSD,0.01,0.03
1206,"Jan 29, 2022, 1:00:00",XRPUSD,0.0121,0.0363
1207,"Jan 29, 2022, 1:00:00",ETHUSD,0.0479,0.1437
1208,"Jan 29, 2022, 1:00:00",XBTUSD,-0.0176,-0.0528
1209,"Jan 29, 2022, 5:00:00",MANAUSDT,0.01,0.03
1210,"Jan 29, 2022, 5:00:00",SANDUSDT,0.01,0.03
1211,"Jan 29, 2022, 5:00:00",FTMUSDT,0.01,0.03
1212,"Jan 29, 2022, 5:00:00",SHIBUSDT,0.01,0.03
1213,"Jan 29, 2022, 5:00:00",LTCUSDT,0.01,0.03
1214,"Jan 29, 2022, 5:00:00",BCHUSDT,0.01,0.03
1215,"Jan 29, 2022, 5:00:00",XRPUSDT,0.01,0.03
1216,"Jan 29, 2022, 5:00:00",ETHUSDT,0.01,0.03
1217,"Jan 29, 2022, 5:00:00",XBTUSDT,0.01,0.03
1218,"Jan 29, 2022, 5:00:00",SOLUSD,0.01,0.03
1219,"Jan 29, 2022, 5:00:00",LINKUSD,0.0328,0.0984
1220,"Jan 29, 2022, 5:00:00",EOSUSD,0.01,0.03
1221,"Jan 29, 2022, 5:00:00",AXSUSD,-0.1036,-0.3108
1222,"Jan 29, 2022, 5:00:00",DOTUSD,0.01,0.03
1223,"Jan 29, 2022, 5:00:00",BNBUSD,0.01,0.03
1224,"Jan 29, 2022, 5:00:00",DOGEUSD,0.0466,0.1398
1225,"Jan 29, 2022, 5:00:00",ADAUSD,0.01,0.03
1226,"Jan 29, 2022, 5:00:00",AVAXUSD,0.01,0.03
1227,"Jan 29, 2022, 5:00:00",LUNAUSD,0.01,0.03
1228,"Jan 29, 2022, 5:00:00",MATICUSDT,0.01,0.03
1229,"Jan 29, 2022, 5:00:00",XBTEUR,-0.0276,-0.0828
1230,"Jan 29, 2022, 5:00:00",SOLUSDT,0.01,0.03
1231,"Jan 29, 2022, 5:00:00",BNBUSDT,-0.086,-0.258
1232,"Jan 29, 2022, 5:00:00",ADAUSDT,0.01,0.03
1233,"Jan 29, 2022, 5:00:00",DOTUSDT,0.01,0.03
1234,"Jan 29, 2022, 5:00:00",DOGEUSDT,0.01,0.03
1235,"Jan 29, 2022, 5:00:00",LTCUSD,0.01,0.03
1236,"Jan 29, 2022, 5:00:00",BCHUSD,0.01,0.03
1237,"Jan 29, 2022, 5:00:00",XRPUSD,0.0135,0.0405
1238,"Jan 29, 2022, 5:00:00",ETHUSD,0.0579,0.1737
1239,"Jan 29, 2022, 5:00:00",XBTUSD,-0.0123,-0.0369
1240,"Jan 28, 2022, 9:00:00",MANAUSDT,0.01,0.03
1241,"Jan 28, 2022, 9:00:00",SANDUSDT,0.01,0.03
1242,"Jan 28, 2022, 9:00:00",FTMUSDT,0.01,0.03
1243,"Jan 28, 2022, 9:00:00",SHIBUSDT,0.01,0.03
1244,"Jan 28, 2022, 9:00:00",LTCUSDT,0.01,0.03
1245,"Jan 28, 2022, 9:00:00",BCHUSDT,0.01,0.03
1246,"Jan 28, 2022, 9:00:00",XRPUSDT,0.01,0.03
1247,"Jan 28, 2022, 9:00:00",ETHUSDT,0.01,0.03
1248,"Jan 28, 2022, 9:00:00",XBTUSDT,0.01,0.03
1249,"Jan 28, 2022, 9:00:00",SOLUSD,0.0221,0.0663
1250,"Jan 28, 2022, 9:00:00",LINKUSD,0.01,0.03
1251,"Jan 28, 2022, 9:00:00",EOSUSD,0.01,0.03
1252,"Jan 28, 2022, 9:00:00",AXSUSD,-0.0969,-0.2907
1253,"Jan 28, 2022, 9:00:00",DOTUSD,0.01,0.03
1254,"Jan 28, 2022, 9:00:00",BNBUSD,0.01,0.03
1255,"Jan 28, 2022, 9:00:00",DOGEUSD,0.0484,0.1452
1256,"Jan 28, 2022, 9:00:00",ADAUSD,0.01,0.03
1257,"Jan 28, 2022, 9:00:00",AVAXUSD,0.01,0.03
1258,"Jan 28, 2022, 9:00:00",LUNAUSD,0.01,0.03
1259,"Jan 28, 2022, 9:00:00",MATICUSDT,0.01,0.03
1260,"Jan 28, 2022, 9:00:00",XBTEUR,-0.0054,-0.0162
1261,"Jan 28, 2022, 9:00:00",SOLUSDT,0.01,0.03
1262,"Jan 28, 2022, 9:00:00",BNBUSDT,-0.079,-0.237
1263,"Jan 28, 2022, 9:00:00",ADAUSDT,0.01,0.03
1264,"Jan 28, 2022, 9:00:00",DOTUSDT,0.01,0.03
1265,"Jan 28, 2022, 9:00:00",DOGEUSDT,0.01,0.03
1266,"Jan 28, 2022, 9:00:00",LTCUSD,0.0122,0.0366
1267,"Jan 28, 2022, 9:00:00",BCHUSD,0.01,0.03
1268,"Jan 28, 2022, 9:00:00",XRPUSD,0.01,0.03
1269,"Jan 28, 2022, 9:00:00",ETHUSD,0.0581,0.1743
1270,"Jan 28, 2022, 9:00:00",XBTUSD,0.0074,0.0222
1271,"Jan 28, 2022, 1:00:00",MANAUSDT,0.01,0.03
1272,"Jan 28, 2022, 1:00:00",SANDUSDT,0.01,0.03
1273,"Jan 28, 2022, 1:00:00",FTMUSDT,0.01,0.03
1274,"Jan 28, 2022, 1:00:00",SHIBUSDT,0.01,0.03
1275,"Jan 28, 2022, 1:00:00",LTCUSDT,0.01,0.03
1276,"Jan 28, 2022, 1:00:00",BCHUSDT,0.01,0.03
1277,"Jan 28, 2022, 1:00:00",XRPUSDT,0.01,0.03
1278,"Jan 28, 2022, 1:00:00",ETHUSDT,0.01,0.03
1279,"Jan 28, 2022, 1:00:00",XBTUSDT,0.01,0.03
1280,"Jan 28, 2022, 1:00:00",SOLUSD,0.0287,0.0861
1281,"Jan 28, 2022, 1:00:00",LINKUSD,0.01,0.03
1282,"Jan 28, 2022, 1:00:00",EOSUSD,0.01,0.03
1283,"Jan 28, 2022, 1:00:00",AXSUSD,-0.065,-0.195
1284,"Jan 28, 2022, 1:00:00",DOTUSD,0.01,0.03
1285,"Jan 28, 2022, 1:00:00",BNBUSD,0.01,0.03
1286,"Jan 28, 2022, 1:00:00",DOGEUSD,0.0502,0.1506
1287,"Jan 28, 2022, 1:00:00",ADAUSD,0.01,0.03
1288,"Jan 28, 2022, 1:00:00",AVAXUSD,0.01,0.03
1289,"Jan 28, 2022, 1:00:00",LUNAUSD,0.01,0.03
1290,"Jan 28, 2022, 1:00:00",MATICUSDT,0.01,0.03
1291,"Jan 28, 2022, 1:00:00",XBTEUR,-0.0271,-0.0813
1292,"Jan 28, 2022, 1:00:00",SOLUSDT,0.01,0.03
1293,"Jan 28, 2022, 1:00:00",BNBUSDT,-0.053,-0.159
1294,"Jan 28, 2022, 1:00:00",ADAUSDT,0.01,0.03
1295,"Jan 28, 2022, 1:00:00",DOTUSDT,0.01,0.03
1296,"Jan 28, 2022, 1:00:00",DOGEUSDT,0.01,0.03
1297,"Jan 28, 2022, 1:00:00",LTCUSD,0.01,0.03
1298,"Jan 28, 2022, 1:00:00",BCHUSD,0.01,0.03
1299,"Jan 28, 2022, 1:00:00",XRPUSD,0.01,0.03
1300,"Jan 28, 2022, 1:00:00",ETHUSD,0.0233,0.0699
1301,"Jan 28, 2022, 1:00:00",XBTUSD,0.0076,0.0228
1302,"Jan 28, 2022, 5:00:00",MANAUSDT,0.01,0.03
1303,"Jan 28, 2022, 5:00:00",SANDUSDT,0.01,0.03
1304,"Jan 28, 2022, 5:00:00",FTMUSDT,0.01,0.03
1305,"Jan 28, 2022, 5:00:00",SHIBUSDT,0.01,0.03
1306,"Jan 28, 2022, 5:00:00",LTCUSDT,0.01,0.03
1307,"Jan 28, 2022, 5:00:00",BCHUSDT,0.01,0.03
1308,"Jan 28, 2022, 5:00:00",XRPUSDT,0.01,0.03
1309,"Jan 28, 2022, 5:00:00",ETHUSDT,0.01,0.03
1310,"Jan 28, 2022, 5:00:00",XBTUSDT,0.01,0.03
1311,"Jan 28, 2022, 5:00:00",SOLUSD,0.0133,0.0399
1312,"Jan 28, 2022, 5:00:00",LINKUSD,0.01,0.03
1313,"Jan 28, 2022, 5:00:00",EOSUSD,0.01,0.03
1314,"Jan 28, 2022, 5:00:00",AXSUSD,-0.0238,-0.0714
1315,"Jan 28, 2022, 5:00:00",DOTUSD,0.01,0.03
1316,"Jan 28, 2022, 5:00:00",BNBUSD,0.01,0.03
1317,"Jan 28, 2022, 5:00:00",DOGEUSD,0.0411,0.1233
1318,"Jan 28, 2022, 5:00:00",ADAUSD,0.01,0.03
1319,"Jan 28, 2022, 5:00:00",AVAXUSD,0.01,0.03
1320,"Jan 28, 2022, 5:00:00",LUNAUSD,0.01,0.03
1321,"Jan 28, 2022, 5:00:00",MATICUSDT,0.01,0.03
1322,"Jan 28, 2022, 5:00:00",XBTEUR,0.01,0.03
1323,"Jan 28, 2022, 5:00:00",SOLUSDT,0.01,0.03
1324,"Jan 28, 2022, 5:00:00",BNBUSDT,-0.086,-0.258
1325,"Jan 28, 2022, 5:00:00",ADAUSDT,0.01,0.03
1326,"Jan 28, 2022, 5:00:00",DOTUSDT,0.01,0.03
1327,"Jan 28, 2022, 5:00:00",DOGEUSDT,0.01,0.03
1328,"Jan 28, 2022, 5:00:00",LTCUSD,0.01,0.03
1329,"Jan 28, 2022, 5:00:00",BCHUSD,0.01,0.03
1330,"Jan 28, 2022, 5:00:00",XRPUSD,0.01,0.03
1331,"Jan 28, 2022, 5:00:00",ETHUSD,0.0167,0.0501
1332,"Jan 28, 2022, 5:00:00",XBTUSD,0.0096,0.0288
1333,"Jan 27, 2022, 9:00:00",MANAUSDT,0.01,0.03
1334,"Jan 27, 2022, 9:00:00",SANDUSDT,0.01,0.03
1335,"Jan 27, 2022, 9:00:00",FTMUSDT,0.01,0.03
1336,"Jan 27, 2022, 9:00:00",SHIBUSDT,0.01,0.03
1337,"Jan 27, 2022, 9:00:00",LTCUSDT,0.01,0.03
1338,"Jan 27, 2022, 9:00:00",BCHUSDT,0.01,0.03
1339,"Jan 27, 2022, 9:00:00",XRPUSDT,0.01,0.03
1340,"Jan 27, 2022, 9:00:00",ETHUSDT,0.01,0.03
1341,"Jan 27, 2022, 9:00:00",XBTUSDT,0.01,0.03
1342,"Jan 27, 2022, 9:00:00",SOLUSD,0.01,0.03
1343,"Jan 27, 2022, 9:00:00",LINKUSD,0.01,0.03
1344,"Jan 27, 2022, 9:00:00",EOSUSD,0.01,0.03
1345,"Jan 27, 2022, 9:00:00",AXSUSD,-0.018,-0.054
1346,"Jan 27, 2022, 9:00:00",DOTUSD,0.01,0.03
1347,"Jan 27, 2022, 9:00:00",BNBUSD,0.01,0.03
1348,"Jan 27, 2022, 9:00:00",DOGEUSD,0.029,0.087
1349,"Jan 27, 2022, 9:00:00",ADAUSD,0.01,0.03
1350,"Jan 27, 2022, 9:00:00",AVAXUSD,0.01,0.03
1351,"Jan 27, 2022, 9:00:00",LUNAUSD,0.01,0.03
1352,"Jan 27, 2022, 9:00:00",MATICUSDT,0.01,0.03
1353,"Jan 27, 2022, 9:00:00",XBTEUR,0.0038,0.0114
1354,"Jan 27, 2022, 9:00:00",SOLUSDT,0.01,0.03
1355,"Jan 27, 2022, 9:00:00",BNBUSDT,-0.088,-0.264
1356,"Jan 27, 2022, 9:00:00",ADAUSDT,0.01,0.03
1357,"Jan 27, 2022, 9:00:00",DOTUSDT,0.01,0.03
1358,"Jan 27, 2022, 9:00:00",DOGEUSDT,0.01,0.03
1359,"Jan 27, 2022, 9:00:00",LTCUSD,0.01,0.03
1360,"Jan 27, 2022, 9:00:00",BCHUSD,0.01,0.03
1361,"Jan 27, 2022, 9:00:00",XRPUSD,0.01,0.03
1362,"Jan 27, 2022, 9:00:00",ETHUSD,0.0207,0.0621
1363,"Jan 27, 2022, 9:00:00",XBTUSD,0.01,0.03
1364,"Jan 27, 2022, 1:00:00",MANAUSDT,0.01,0.03
1365,"Jan 27, 2022, 1:00:00",SANDUSDT,0.01,0.03
1366,"Jan 27, 2022, 1:00:00",FTMUSDT,0.01,0.03
1367,"Jan 27, 2022, 1:00:00",SHIBUSDT,0.01,0.03
1368,"Jan 27, 2022, 1:00:00",LTCUSDT,0.01,0.03
1369,"Jan 27, 2022, 1:00:00",BCHUSDT,0.01,0.03
1370,"Jan 27, 2022, 1:00:00",XRPUSDT,0.01,0.03
1371,"Jan 27, 2022, 1:00:00",ETHUSDT,0.01,0.03
1372,"Jan 27, 2022, 1:00:00",XBTUSDT,0.01,0.03
1373,"Jan 27, 2022, 1:00:00",SOLUSD,0.01,0.03
1374,"Jan 27, 2022, 1:00:00",LINKUSD,0.01,0.03
1375,"Jan 27, 2022, 1:00:00",EOSUSD,0.01,0.03
1376,"Jan 27, 2022, 1:00:00",AXSUSD,-0.0311,-0.0933
1377,"Jan 27, 2022, 1:00:00",DOTUSD,0.01,0.03
1378,"Jan 27, 2022, 1:00:00",BNBUSD,0.01,0.03
1379,"Jan 27, 2022, 1:00:00",DOGEUSD,0.01,0.03
1380,"Jan 27, 2022, 1:00:00",ADAUSD,0.01,0.03
1381,"Jan 27, 2022, 1:00:00",AVAXUSD,0.01,0.03
1382,"Jan 27, 2022, 1:00:00",LUNAUSD,0.01,0.03
1383,"Jan 27, 2022, 1:00:00",MATICUSDT,0.01,0.03
1384,"Jan 27, 2022, 1:00:00",XBTEUR,-0.0043,-0.0129
1385,"Jan 27, 2022, 1:00:00",SOLUSDT,0.01,0.03
1386,"Jan 27, 2022, 1:00:00",BNBUSDT,-0.095,-0.285
1387,"Jan 27, 2022, 1:00:00",ADAUSDT,0.01,0.03
1388,"Jan 27, 2022, 1:00:00",DOTUSDT,0.01,0.03
1389,"Jan 27, 2022, 1:00:00",DOGEUSDT,0.01,0.03
1390,"Jan 27, 2022, 1:00:00",LTCUSD,0.01,0.03
1391,"Jan 27, 2022, 1:00:00",BCHUSD,0.01,0.03
1392,"Jan 27, 2022, 1:00:00",XRPUSD,0.01,0.03
1393,"Jan 27, 2022, 1:00:00",ETHUSD,0.0239,0.0717
1394,"Jan 27, 2022, 1:00:00",XBTUSD,0.0056,0.0168
1395,"Jan 27, 2022, 5:00:00",MANAUSDT,0.01,0.03
1396,"Jan 27, 2022, 5:00:00",SANDUSDT,0.01,0.03
1397,"Jan 27, 2022, 5:00:00",FTMUSDT,0.01,0.03
1398,"Jan 27, 2022, 5:00:00",SHIBUSDT,0.01,0.03
1399,"Jan 27, 2022, 5:00:00",LTCUSDT,0.01,0.03
1400,"Jan 27, 2022, 5:00:00",BCHUSDT,0.01,0.03
1401,"Jan 27, 2022, 5:00:00",XRPUSDT,0.01,0.03
1402,"Jan 27, 2022, 5:00:00",ETHUSDT,0.01,0.03
1403,"Jan 27, 2022, 5:00:00",XBTUSDT,0.01,0.03
1404,"Jan 27, 2022, 5:00:00",SOLUSD,0.01,0.03
1405,"Jan 27, 2022, 5:00:00",LINKUSD,0.01,0.03
1406,"Jan 27, 2022, 5:00:00",EOSUSD,0.01,0.03
1407,"Jan 27, 2022, 5:00:00",AXSUSD,-0.0531,-0.1593
1408,"Jan 27, 2022, 5:00:00",DOTUSD,0.01,0.03
1409,"Jan 27, 2022, 5:00:00",BNBUSD,0.01,0.03
1410,"Jan 27, 2022, 5:00:00",DOGEUSD,0.0176,0.0528
1411,"Jan 27, 2022, 5:00:00",ADAUSD,0.01,0.03
1412,"Jan 27, 2022, 5:00:00",AVAXUSD,0.01,0.03
1413,"Jan 27, 2022, 5:00:00",LUNAUSD,0.01,0.03
1414,"Jan 27, 2022, 5:00:00",MATICUSDT,0.01,0.03
1415,"Jan 27, 2022, 5:00:00",XBTEUR,-0.0074,-0.0222
1416,"Jan 27, 2022, 5:00:00",SOLUSDT,0.01,0.03
1417,"Jan 27, 2022, 5:00:00",BNBUSDT,-0.033,-0.099
1418,"Jan 27, 2022, 5:00:00",ADAUSDT,0.01,0.03
1419,"Jan 27, 2022, 5:00:00",DOTUSDT,0.01,0.03
1420,"Jan 27, 2022, 5:00:00",DOGEUSDT,0.01,0.03
1421,"Jan 27, 2022, 5:00:00",LTCUSD,0.01,0.03
1422,"Jan 27, 2022, 5:00:00",BCHUSD,0.01,0.03
1423,"Jan 27, 2022, 5:00:00",XRPUSD,0.01,0.03
1424,"Jan 27, 2022, 5:00:00",ETHUSD,0.01,0.03
1425,"Jan 27, 2022, 5:00:00",XBTUSD,-0.0053,-0.0159
1426,"Jan 26, 2022, 9:00:00",MANAUSDT,-0.0151,-0.0453
1427,"Jan 26, 2022, 9:00:00",SANDUSDT,0.01,0.03
1428,"Jan 26, 2022, 9:00:00",FTMUSDT,0.01,0.03
1429,"Jan 26, 2022, 9:00:00",SHIBUSDT,0.01,0.03
1430,"Jan 26, 2022, 9:00:00",LTCUSDT,0.01,0.03
1431,"Jan 26, 2022, 9:00:00",BCHUSDT,0.01,0.03
1432,"Jan 26, 2022, 9:00:00",XRPUSDT,0.01,0.03
1433,"Jan 26, 2022, 9:00:00",ETHUSDT,0.01,0.03
1434,"Jan 26, 2022, 9:00:00",XBTUSDT,0.01,0.03
1435,"Jan 26, 2022, 9:00:00",SOLUSD,0.01,0.03
1436,"Jan 26, 2022, 9:00:00",LINKUSD,0.01,0.03
1437,"Jan 26, 2022, 9:00:00",EOSUSD,0.01,0.03
1438,"Jan 26, 2022, 9:00:00",AXSUSD,-0.0789,-0.2367
1439,"Jan 26, 2022, 9:00:00",DOTUSD,0.01,0.03
1440,"Jan 26, 2022, 9:00:00",BNBUSD,0.01,0.03
1441,"Jan 26, 2022, 9:00:00",DOGEUSD,0.0444,0.1332
1442,"Jan 26, 2022, 9:00:00",ADAUSD,0.01,0.03
1443,"Jan 26, 2022, 9:00:00",AVAXUSD,0.01,0.03
1444,"Jan 26, 2022, 9:00:00",LUNAUSD,0.01,0.03
1445,"Jan 26, 2022, 9:00:00",MATICUSDT,0.01,0.03
1446,"Jan 26, 2022, 9:00:00",XBTEUR,-0.0397,-0.1191
1447,"Jan 26, 2022, 9:00:00",SOLUSDT,0.01,0.03
1448,"Jan 26, 2022, 9:00:00",BNBUSDT,-0.038,-0.114
1449,"Jan 26, 2022, 9:00:00",ADAUSDT,0.01,0.03
1450,"Jan 26, 2022, 9:00:00",DOTUSDT,0.01,0.03
1451,"Jan 26, 2022, 9:00:00",DOGEUSDT,0.01,0.03
1452,"Jan 26, 2022, 9:00:00",LTCUSD,0.01,0.03
1453,"Jan 26, 2022, 9:00:00",BCHUSD,0.01,0.03
1454,"Jan 26, 2022, 9:00:00",XRPUSD,0.01,0.03
1455,"Jan 26, 2022, 9:00:00",ETHUSD,0.01,0.03
1456,"Jan 26, 2022, 9:00:00",XBTUSD,-0.0113,-0.0339
1457,"Jan 26, 2022, 1:00:00",MANAUSDT,0.01,0.03
1458,"Jan 26, 2022, 1:00:00",SANDUSDT,0.01,0.03
1459,"Jan 26, 2022, 1:00:00",FTMUSDT,0.01,0.03
1460,"Jan 26, 2022, 1:00:00",SHIBUSDT,0.01,0.03
1461,"Jan 26, 2022, 1:00:00",LTCUSDT,0.01,0.03
1462,"Jan 26, 2022, 1:00:00",BCHUSDT,0.01,0.03
1463,"Jan 26, 2022, 1:00:00",XRPUSDT,0.01,0.03
1464,"Jan 26, 2022, 1:00:00",ETHUSDT,0.01,0.03
1465,"Jan 26, 2022, 1:00:00",XBTUSDT,0.01,0.03
1466,"Jan 26, 2022, 1:00:00",SOLUSD,0.01,0.03
1467,"Jan 26, 2022, 1:00:00",LINKUSD,0.01,0.03
1468,"Jan 26, 2022, 1:00:00",EOSUSD,0.01,0.03
1469,"Jan 26, 2022, 1:00:00",AXSUSD,-0.015,-0.045
1470,"Jan 26, 2022, 1:00:00",DOTUSD,0.01,0.03
1471,"Jan 26, 2022, 1:00:00",BNBUSD,0.01,0.03
1472,"Jan 26, 2022, 1:00:00",DOGEUSD,0.0441,0.1323
1473,"Jan 26, 2022, 1:00:00",ADAUSD,0.01,0.03
1474,"Jan 26, 2022, 1:00:00",AVAXUSD,0.01,0.03
1475,"Jan 26, 2022, 1:00:00",LUNAUSD,0.01,0.03
1476,"Jan 26, 2022, 1:00:00",MATICUSDT,0.01,0.03
1477,"Jan 26, 2022, 1:00:00",XBTEUR,-0.0504,-0.1512
1478,"Jan 26, 2022, 1:00:00",SOLUSDT,0.01,0.03
1479,"Jan 26, 2022, 1:00:00",BNBUSDT,-0.067,-0.201
1480,"Jan 26, 2022, 1:00:00",ADAUSDT,0.01,0.03
1481,"Jan 26, 2022, 1:00:00",DOTUSDT,0.01,0.03
1482,"Jan 26, 2022, 1:00:00",DOGEUSDT,0.01,0.03
1483,"Jan 26, 2022, 1:00:00",LTCUSD,0.01,0.03
1484,"Jan 26, 2022, 1:00:00",BCHUSD,0.01,0.03
1485,"Jan 26, 2022, 1:00:00",XRPUSD,0.01,0.03
1486,"Jan 26, 2022, 1:00:00",ETHUSD,0.0137,0.0411
1487,"Jan 26, 2022, 1:00:00",XBTUSD,-0.0262,-0.0786
1488,"Jan 26, 2022, 5:00:00",MANAUSDT,0.01,0.03
1489,"Jan 26, 2022, 5:00:00",SANDUSDT,0.01,0.03
1490,"Jan 26, 2022, 5:00:00",FTMUSDT,0.01,0.03
1491,"Jan 26, 2022, 5:00:00",SHIBUSDT,0.01,0.03
1492,"Jan 26, 2022, 5:00:00",LTCUSDT,0.01,0.03
1493,"Jan 26, 2022, 5:00:00",BCHUSDT,0.01,0.03
1494,"Jan 26, 2022, 5:00:00",XRPUSDT,0.01,0.03
1495,"Jan 26, 2022, 5:00:00",ETHUSDT,0.01,0.03
1496,"Jan 26, 2022, 5:00:00",XBTUSDT,0.01,0.03
1497,"Jan 26, 2022, 5:00:00",SOLUSD,0.01,0.03
1498,"Jan 26, 2022, 5:00:00",LINKUSD,0.01,0.03
1499,"Jan 26, 2022, 5:00:00",EOSUSD,0.01,0.03
1500,"Jan 26, 2022, 5:00:00",AXSUSD,0.01,0.03
1501,"Jan 26, 2022, 5:00:00",DOTUSD,0.01,0.03
1502,"Jan 26, 2022, 5:00:00",BNBUSD,0.01,0.03
1503,"Jan 26, 2022, 5:00:00",DOGEUSD,0.0452,0.1356
1504,"Jan 26, 2022, 5:00:00",ADAUSD,0.01,0.03
1505,"Jan 26, 2022, 5:00:00",AVAXUSD,0.01,0.03
1506,"Jan 26, 2022, 5:00:00",LUNAUSD,0.01,0.03
1507,"Jan 26, 2022, 5:00:00",MATICUSDT,0.01,0.03
1508,"Jan 26, 2022, 5:00:00",XBTEUR,-0.0581,-0.1743
1509,"Jan 26, 2022, 5:00:00",SOLUSDT,0.01,0.03
1510,"Jan 26, 2022, 5:00:00",BNBUSDT,-0.058,-0.174
1511,"Jan 26, 2022, 5:00:00",ADAUSDT,0.01,0.03
1512,"Jan 26, 2022, 5:00:00",DOTUSDT,0.01,0.03
1513,"Jan 26, 2022, 5:00:00",DOGEUSDT,0.01,0.03
1514,"Jan 26, 2022, 5:00:00",LTCUSD,0.01,0.03
1515,"Jan 26, 2022, 5:00:00",BCHUSD,0.01,0.03
1516,"Jan 26, 2022, 5:00:00",XRPUSD,0.01,0.03
1517,"Jan 26, 2022, 5:00:00",ETHUSD,0.01,0.03
1518,"Jan 26, 2022, 5:00:00",XBTUSD,-0.0243,-0.0729
1519,"Jan 25, 2022, 9:00:00",MANAUSDT,0.01,0.03
1520,"Jan 25, 2022, 9:00:00",SANDUSDT,0.01,0.03
1521,"Jan 25, 2022, 9:00:00",FTMUSDT,0.01,0.03
1522,"Jan 25, 2022, 9:00:00",SHIBUSDT,0.01,0.03
1523,"Jan 25, 2022, 9:00:00",LTCUSDT,0.01,0.03
1524,"Jan 25, 2022, 9:00:00",BCHUSDT,0.01,0.03
1525,"Jan 25, 2022, 9:00:00",XRPUSDT,0.01,0.03
1526,"Jan 25, 2022, 9:00:00",ETHUSDT,0.01,0.03
1527,"Jan 25, 2022, 9:00:00",XBTUSDT,0.01,0.03
1528,"Jan 25, 2022, 9:00:00",SOLUSD,0.0303,0.0909
1529,"Jan 25, 2022, 9:00:00",LINKUSD,0.01,0.03
1530,"Jan 25, 2022, 9:00:00",EOSUSD,0.01,0.03
1531,"Jan 25, 2022, 9:00:00",AXSUSD,0.01,0.03
1532,"Jan 25, 2022, 9:00:00",DOTUSD,0.01,0.03
1533,"Jan 25, 2022, 9:00:00",BNBUSD,0.01,0.03
1534,"Jan 25, 2022, 9:00:00",DOGEUSD,0.0413,0.1239
1535,"Jan 25, 2022, 9:00:00",ADAUSD,0.01,0.03
1536,"Jan 25, 2022, 9:00:00",AVAXUSD,0.01,0.03
1537,"Jan 25, 2022, 9:00:00",LUNAUSD,0.01,0.03
1538,"Jan 25, 2022, 9:00:00",MATICUSDT,0.01,0.03
1539,"Jan 25, 2022, 9:00:00",XBTEUR,-0.0553,-0.1659
1540,"Jan 25, 2022, 9:00:00",SOLUSDT,0.01,0.03
1541,"Jan 25, 2022, 9:00:00",BNBUSDT,-0.037,-0.111
1542,"Jan 25, 2022, 9:00:00",ADAUSDT,0.01,0.03
1543,"Jan 25, 2022, 9:00:00",DOTUSDT,0.01,0.03
1544,"Jan 25, 2022, 9:00:00",DOGEUSDT,0.01,0.03
1545,"Jan 25, 2022, 9:00:00",LTCUSD,0.01,0.03
1546,"Jan 25, 2022, 9:00:00",BCHUSD,0.01,0.03
1547,"Jan 25, 2022, 9:00:00",XRPUSD,0.01,0.03
1548,"Jan 25, 2022, 9:00:00",ETHUSD,0.0162,0.0486
1549,"Jan 25, 2022, 9:00:00",XBTUSD,-0.0221,-0.0663
1550,"Jan 25, 2022, 1:00:00",MANAUSDT,0.01,0.03
1551,"Jan 25, 2022, 1:00:00",SANDUSDT,0.01,0.03
1552,"Jan 25, 2022, 1:00:00",FTMUSDT,0.01,0.03
1553,"Jan 25, 2022, 1:00:00",SHIBUSDT,0.01,0.03
1554,"Jan 25, 2022, 1:00:00",LTCUSDT,0.01,0.03
1555,"Jan 25, 2022, 1:00:00",BCHUSDT,0.01,0.03
1556,"Jan 25, 2022, 1:00:00",XRPUSDT,0.01,0.03
1557,"Jan 25, 2022, 1:00:00",ETHUSDT,0.01,0.03
1558,"Jan 25, 2022, 1:00:00",XBTUSDT,0.01,0.03
1559,"Jan 25, 2022, 1:00:00",SOLUSD,0.0737,0.2211
1560,"Jan 25, 2022, 1:00:00",LINKUSD,0.0269,0.0807
1561,"Jan 25, 2022, 1:00:00",EOSUSD,0.01,0.03
1562,"Jan 25, 2022, 1:00:00",AXSUSD,0.01,0.03
1563,"Jan 25, 2022, 1:00:00",DOTUSD,0.01,0.03
1564,"Jan 25, 2022, 1:00:00",BNBUSD,0.01,0.03
1565,"Jan 25, 2022, 1:00:00",DOGEUSD,0.0521,0.1563
1566,"Jan 25, 2022, 1:00:00",ADAUSD,0.01,0.03
1567,"Jan 25, 2022, 1:00:00",AVAXUSD,0.01,0.03
1568,"Jan 25, 2022, 1:00:00",LUNAUSD,0.01,0.03
1569,"Jan 25, 2022, 1:00:00",MATICUSDT,0.01,0.03
1570,"Jan 25, 2022, 1:00:00",XBTEUR,-0.0127,-0.0381
1571,"Jan 25, 2022, 1:00:00",SOLUSDT,0.01,0.03
1572,"Jan 25, 2022, 1:00:00",BNBUSDT,-0.018,-0.054
1573,"Jan 25, 2022, 1:00:00",ADAUSDT,0.01,0.03
1574,"Jan 25, 2022, 1:00:00",DOTUSDT,0.01,0.03
1575,"Jan 25, 2022, 1:00:00",DOGEUSDT,0.01,0.03
1576,"Jan 25, 2022, 1:00:00",LTCUSD,0.01,0.03
1577,"Jan 25, 2022, 1:00:00",BCHUSD,0.01,0.03
1578,"Jan 25, 2022, 1:00:00",XRPUSD,0.011,0.033
1579,"Jan 25, 2022, 1:00:00",ETHUSD,0.0309,0.0927
1580,"Jan 25, 2022, 1:00:00",XBTUSD,0.0095,0.0285
1581,"Jan 25, 2022, 5:00:00",MANAUSDT,0.01,0.03
1582,"Jan 25, 2022, 5:00:00",SANDUSDT,0.01,0.03
1583,"Jan 25, 2022, 5:00:00",FTMUSDT,0.01,0.03
1584,"Jan 25, 2022, 5:00:00",SHIBUSDT,0.01,0.03
1585,"Jan 25, 2022, 5:00:00",LTCUSDT,0.01,0.03
1586,"Jan 25, 2022, 5:00:00",BCHUSDT,0.01,0.03
1587,"Jan 25, 2022, 5:00:00",XRPUSDT,0.01,0.03
1588,"Jan 25, 2022, 5:00:00",ETHUSDT,0.01,0.03
1589,"Jan 25, 2022, 5:00:00",XBTUSDT,0.01,0.03
1590,"Jan 25, 2022, 5:00:00",SOLUSD,0.094,0.282
1591,"Jan 25, 2022, 5:00:00",LINKUSD,0.01,0.03
1592,"Jan 25, 2022, 5:00:00",EOSUSD,0.01,0.03
1593,"Jan 25, 2022, 5:00:00",AXSUSD,0.01,0.03
1594,"Jan 25, 2022, 5:00:00",DOTUSD,0.01,0.03
1595,"Jan 25, 2022, 5:00:00",BNBUSD,0.01,0.03
1596,"Jan 25, 2022, 5:00:00",DOGEUSD,0.0578,0.1734
1597,"Jan 25, 2022, 5:00:00",ADAUSD,0.01,0.03
1598,"Jan 25, 2022, 5:00:00",AVAXUSD,0.01,0.03
1599,"Jan 25, 2022, 5:00:00",LUNAUSD,0.01,0.03
1600,"Jan 25, 2022, 5:00:00",MATICUSDT,0.01,0.03
1601,"Jan 25, 2022, 5:00:00",XBTEUR,0.01,0.03
1602,"Jan 25, 2022, 5:00:00",SOLUSDT,0.01,0.03
1603,"Jan 25, 2022, 5:00:00",BNBUSDT,-0.036,-0.108
1604,"Jan 25, 2022, 5:00:00",ADAUSDT,0.01,0.03
1605,"Jan 25, 2022, 5:00:00",DOTUSDT,0.01,0.03
1606,"Jan 25, 2022, 5:00:00",DOGEUSDT,0.01,0.03
1607,"Jan 25, 2022, 5:00:00",LTCUSD,0.01,0.03
1608,"Jan 25, 2022, 5:00:00",BCHUSD,0.01,0.03
1609,"Jan 25, 2022, 5:00:00",XRPUSD,0.0212,0.0636
1610,"Jan 25, 2022, 5:00:00",ETHUSD,0.0716,0.2148
1611,"Jan 25, 2022, 5:00:00",XBTUSD,-0.0062,-0.0186
1612,"Jan 24, 2022, 9:00:00",MANAUSDT,0.01,0.03
1613,"Jan 24, 2022, 9:00:00",SANDUSDT,0.01,0.03
1614,"Jan 24, 2022, 9:00:00",FTMUSDT,0.01,0.03
1615,"Jan 24, 2022, 9:00:00",SHIBUSDT,0.01,0.03
1616,"Jan 24, 2022, 9:00:00",LTCUSDT,0.01,0.03
1617,"Jan 24, 2022, 9:00:00",BCHUSDT,0.01,0.03
1618,"Jan 24, 2022, 9:00:00",XRPUSDT,0.01,0.03
1619,"Jan 24, 2022, 9:00:00",ETHUSDT,0.01,0.03
1620,"Jan 24, 2022, 9:00:00",XBTUSDT,0.01,0.03
1621,"Jan 24, 2022, 9:00:00",SOLUSD,0.0381,0.1143
1622,"Jan 24, 2022, 9:00:00",LINKUSD,0.01,0.03
1623,"Jan 24, 2022, 9:00:00",EOSUSD,0.01,0.03
1624,"Jan 24, 2022, 9:00:00",AXSUSD,0.001,0.003
1625,"Jan 24, 2022, 9:00:00",DOTUSD,0.01,0.03
1626,"Jan 24, 2022, 9:00:00",BNBUSD,0.01,0.03
1627,"Jan 24, 2022, 9:00:00",DOGEUSD,0.0547,0.1641
1628,"Jan 24, 2022, 9:00:00",ADAUSD,0.01,0.03
1629,"Jan 24, 2022, 9:00:00",AVAXUSD,0.01,0.03
1630,"Jan 24, 2022, 9:00:00",LUNAUSD,0.01,0.03
1631,"Jan 24, 2022, 9:00:00",MATICUSDT,0.01,0.03
1632,"Jan 24, 2022, 9:00:00",XBTEUR,0.01,0.03
1633,"Jan 24, 2022, 9:00:00",SOLUSDT,0.01,0.03
1634,"Jan 24, 2022, 9:00:00",BNBUSDT,-0.02,-0.06
1635,"Jan 24, 2022, 9:00:00",ADAUSDT,0.01,0.03
1636,"Jan 24, 2022, 9:00:00",DOTUSDT,0.01,0.03
1637,"Jan 24, 2022, 9:00:00",DOGEUSDT,0.01,0.03
1638,"Jan 24, 2022, 9:00:00",LTCUSD,0.01,0.03
1639,"Jan 24, 2022, 9:00:00",BCHUSD,0.01,0.03
1640,"Jan 24, 2022, 9:00:00",XRPUSD,0.019,0.057
1641,"Jan 24, 2022, 9:00:00",ETHUSD,0.0737,0.2211
1642,"Jan 24, 2022, 9:00:00",XBTUSD,-0.0147,-0.0441
1643,"Jan 24, 2022, 1:00:00",MANAUSDT,0.01,0.03
1644,"Jan 24, 2022, 1:00:00",SANDUSDT,0.01,0.03
1645,"Jan 24, 2022, 1:00:00",FTMUSDT,0.01,0.03
1646,"Jan 24, 2022, 1:00:00",SHIBUSDT,0.01,0.03
1647,"Jan 24, 2022, 1:00:00",LTCUSDT,0.01,0.03
1648,"Jan 24, 2022, 1:00:00",BCHUSDT,0.01,0.03
1649,"Jan 24, 2022, 1:00:00",XRPUSDT,0.01,0.03
1650,"Jan 24, 2022, 1:00:00",ETHUSDT,0.01,0.03
1651,"Jan 24, 2022, 1:00:00",XBTUSDT,0.01,0.03
1652,"Jan 24, 2022, 1:00:00",SOLUSD,0.0132,0.0396
1653,"Jan 24, 2022, 1:00:00",LINKUSD,0.01,0.03
1654,"Jan 24, 2022, 1:00:00",EOSUSD,0.01,0.03
1655,"Jan 24, 2022, 1:00:00",AXSUSD,-0.0392,-0.1176
1656,"Jan 24, 2022, 1:00:00",DOTUSD,0.01,0.03
1657,"Jan 24, 2022, 1:00:00",BNBUSD,0.01,0.03
1658,"Jan 24, 2022, 1:00:00",DOGEUSD,0.0319,0.0957
1659,"Jan 24, 2022, 1:00:00",ADAUSD,0.01,0.03
1660,"Jan 24, 2022, 1:00:00",AVAXUSD,0.01,0.03
1661,"Jan 24, 2022, 1:00:00",LUNAUSD,0.01,0.03
1662,"Jan 24, 2022, 1:00:00",MATICUSDT,0.01,0.03
1663,"Jan 24, 2022, 1:00:00",XBTEUR,0.01,0.03
1664,"Jan 24, 2022, 1:00:00",SOLUSDT,0.01,0.03
1665,"Jan 24, 2022, 1:00:00",BNBUSDT,0.01,0.03
1666,"Jan 24, 2022, 1:00:00",ADAUSDT,0.01,0.03
1667,"Jan 24, 2022, 1:00:00",DOTUSDT,0.01,0.03
1668,"Jan 24, 2022, 1:00:00",DOGEUSDT,0.01,0.03
1669,"Jan 24, 2022, 1:00:00",LTCUSD,0.01,0.03
1670,"Jan 24, 2022, 1:00:00",BCHUSD,0.01,0.03
1671,"Jan 24, 2022, 1:00:00",XRPUSD,0.01,0.03
1672,"Jan 24, 2022, 1:00:00",ETHUSD,0.0233,0.0699
1673,"Jan 24, 2022, 1:00:00",XBTUSD,-0.0182,-0.0546
1674,"Jan 24, 2022, 5:00:00",MANAUSDT,0.01,0.03
1675,"Jan 24, 2022, 5:00:00",SANDUSDT,0.01,0.03
1676,"Jan 24, 2022, 5:00:00",FTMUSDT,0.01,0.03
1677,"Jan 24, 2022, 5:00:00",SHIBUSDT,0.01,0.03
1678,"Jan 24, 2022, 5:00:00",LTCUSDT,0.01,0.03
1679,"Jan 24, 2022, 5:00:00",BCHUSDT,0.01,0.03
1680,"Jan 24, 2022, 5:00:00",XRPUSDT,0.01,0.03
1681,"Jan 24, 2022, 5:00:00",ETHUSDT,0.01,0.03
1682,"Jan 24, 2022, 5:00:00",XBTUSDT,0.01,0.03
1683,"Jan 24, 2022, 5:00:00",SOLUSD,0.01,0.03
1684,"Jan 24, 2022, 5:00:00",LINKUSD,0.01,0.03
1685,"Jan 24, 2022, 5:00:00",EOSUSD,0.01,0.03
1686,"Jan 24, 2022, 5:00:00",AXSUSD,-0.0536,-0.1608
1687,"Jan 24, 2022, 5:00:00",DOTUSD,0.01,0.03
1688,"Jan 24, 2022, 5:00:00",BNBUSD,0.01,0.03
1689,"Jan 24, 2022, 5:00:00",DOGEUSD,0.0212,0.0636
1690,"Jan 24, 2022, 5:00:00",ADAUSD,0.01,0.03
1691,"Jan 24, 2022, 5:00:00",AVAXUSD,0.01,0.03
1692,"Jan 24, 2022, 5:00:00",LUNAUSD,0.01,0.03
1693,"Jan 24, 2022, 5:00:00",MATICUSDT,0.01,0.03
1694,"Jan 24, 2022, 5:00:00",XBTEUR,0.0035,0.0105
1695,"Jan 24, 2022, 5:00:00",SOLUSDT,0.01,0.03
1696,"Jan 24, 2022, 5:00:00",BNBUSDT,0.01,0.03
1697,"Jan 24, 2022, 5:00:00",ADAUSDT,0.01,0.03
1698,"Jan 24, 2022, 5:00:00",DOTUSDT,0.01,0.03
1699,"Jan 24, 2022, 5:00:00",DOGEUSDT,0.01,0.03